X1,X2,X3,X4,X5,X6,X7,X8,X9,X10,X11,X12,X13,X14,X15,X16,Y
3.8566032163337303,14.873388368235673,57.36075741871839,221.21768155236822,853.1488221847542,3290.256491649057,12689.213768256688,48937.262631405,188731.604462845,727862.9127952334,2807078.4505361347,10825787.780838761,41750767.97492916,161016146.0565151,620975386.7632178,2394855673.855108,9.209759094519717
0.1037597467970075,0.01076608505537911,0.0011170862593411829,0.00011590858741965739,1.202664568226246e-05,1.2478817108088763e-06,1.2947989034614554e-07,1.3434800637620356e-08,1.393991512427763e-09,1.4464020636668224e-10,1.5007831189273862e-11,1.5572087641712878e-12,1.615755870804938e-13,1.6765042004049873e-14,1.7395365133814102e-15,1.8049386817260437e-16,10.409240339498089
3.168241174631377,10.037752140629607,31.802019632686964,100.75646803671425,319.22079064434837,1011.3684527178071,3204.2591746237836,10151.865851233422,32163.559389211943,101901.9131796029,322849.8371093297,1022866.1471528115,3240686.6435460947,10267276.858160693,32529209.29336459,103060380.26143932,7.643741709949597
3.744019412693059,14.01768136262248,52.482471142604254,196.4953907840136,735.6825576000557,2754.409777234288,10312.563676476739,38610.43859936221,144558.23164860552,541228.8255569593,2026371.2295943208,7586773.220923841,28405026.218838707,106348969.58138745,398172606.63261825,1490765968.8351197,8.453341463557459
2.492535061512952,6.212731032871375,15.485449927181477,38.59802688680302,96.20693532057614,239.79915944724482,597.7078126435925,1489.8076795543689,3713.3978762005167,9255.77440377752,23070.342222869604,57503.63687160514,143329.83106698474,357254.6292951878,890469.6894060678,2219526.9220591723,9.31782425089919
1.1239832276542383,1.2633382960480393,1.4199710556112808,1.5960236502615632,1.793903813833491,2.016317798773815,2.2663073874424815,2.547291492194245,2.8631129131726683,3.2180908932863446,3.6170801891206965,4.065537465652083,4.56959592279286,5.136149174376367,5.772945526729201,6.488693946205184,9.882790252336015
0.99031432379812,0.9807224599197277,0.971223499729034,0.9618165433910019,0.9525006997861052,0.9432750864259128,0.9341388293694911,0.925091063140615,0.916130930645782,0.90725758309302,0.8984701799114807,0.8897678886718132,0.8811498850073076,0.872615352535803,0.8641634827823519,0.8557934751026331,10.404313374739663
3.8026535609947936,14.460174104946384,54.98703255277907,209.09663514536197,795.1220642275398,3023.5737489603853,11497.603483414587,43721.40282911262,166257.34815981297,632219.097021464,2404110.200617583,9141998.21540236,34763852.068407826,132194885.86182724,502691353.46777767,1911561065.3455372,8.553478459196132
0.8455541828126772,0.7149618760720144,0.6045390048642908,0.5111704842364145,0.432222341076482,0.365467408402307,0.30902249585627967,0.2612952639544905,0.220939303385862,0.18681615212563474,0.1579631788467999,0.13356642660429865,0.11293765069860719,0.09549490294524439,0.08074611462264204,0.06827521496504686,10.282580806982516
0.44169907087005134,0.19509806920746664,0.086174635897479,0.03806325660848144,0.016812505078254596,0.007426067872063074,0.003280087279308199,0.001448811503643106,0.000639938695025002,0.0002826603270063365,0.00012485080381052373,5.5146484040487396e-05,2.4358150762433397e-05,1.0758972559879464e-05,4.752228183215137e-06,2.099054773088598e-06,10.112353761766832
3.426799091838986,11.7429520158285,40.240737303349896,137.89692204605063,472.5450472347978,1619.3169387172159,5549.073814995642,19015.561109774564,65162.507541784216,223298.82166613723,765200.1992942347,2622187.348016495,8985709.222814605,30792220.20427029,105518752.2316995,361591564.31957084,8.572328738653738
4.7669667309746835,22.72397181421946,108.32441763399059,516.3788950134405,2461.5610131065396,11734.179455743211,55936.443080814504,266647.16321530176,1271098.15595612,6059282.621246094,28884398.669053204,137690967.49958605,656368261.2262431,3128885664.533201,14915293867.853384,71100709650.76779,10.73153927573386
0.019741331639572257,0.0003897201749035767,7.693595219403612e-06,1.5188181472687439e-07,2.998349274543297e-09,5.919140740003011e-11,1.168517203697026e-12,2.3068085644728597e-14,4.553947290026433e-16,8.990098372154315e-18,1.7747651343707704e-19,3.5036227099963396e-21,6.916617785797463e-23,1.3654324553359167e-24,2.6955454932221766e-26,5.321365753125336e-28,9.527335907225064
2.5609613169288834,6.558522866806121,16.796123358084,43.01422219441878,110.15775911769032,282.10975985997493,722.4721821294925,1850.223310990829,4738.350327127592,12134.731893831084,31076.578971404575,79585.91660825271,203816.45380606316,521966.05395095045,1336734.8729183986,3423326.3005338656,9.443506038108074
4.063104808260569,16.50882068291015,67.07706869544376,272.541160340482,1107.363299028327,4499.333144773282,18281.262134494467,74278.68407973634,301802.0784356445,1226253.4760349004,4982396.39462364,20243998.747655433,82253488.65001972,334204545.2301012,1357908094.666961,5517322908.617276,8.886005180808711
3.0626303341469407,9.379704563637002,28.726567721931175,87.9788577011128,269.4467183590252,825.2156930826981,2527.330613849163,7740.279402392655,23705.614492540502,72601.53403444788,222351.66043950157,680980.9401099578,2085592.884156658,6387400.031699188,19562245.093413062,59911925.227104,8.696025071095233
3.6087765871589976,13.023268456026942,46.99806629239634,169.6055212777464,612.0684342400284,2208.818235224481,7971.131532567963,28766.032847896084,103810.18584693405,374627.7681930399,1351947.9187546708,4878877.99626019,17606780.68450898,63538937.90949927,229297831.50075024,827484645.8062364,7.820668652994233
1.4593803408531658,2.1297909792687024,3.108175085271157,4.536009615374339,6.61976325859824,9.660752360700364,14.098712073056923,20.575383230768455,30.02730979250338,43.82126559988719,63.95189352778048,93.33013617477764,136.20416594261937,198.773682118961,290.08640396340815,423.34639509298773,10.148699491899158
4.588870612564717,21.05773349886008,96.63121442013862,443.428140109014,2034.8343609304843,9337.591600310807,42848.99968679741,196628.5154405394,902302.816097319,4140550.876423374,19000452.236648303,87190616.89419495,400106459.55715996,1836036774.159165,8425335196.527114,38662773084.35045,10.45958368866884
3.5728789169884534,12.765463755460583,45.609456317465366,162.95706489197784,582.2258615268669,2080.2225055747813,7432.383132813032,26555.004998208275,94877.81749862134,338986.95383070235,1211159.3404758547,4327325.672699821,15461010.662932068,55240319.03292365,197366971.24044892,705168290.4548664,7.8372445174214596
2.7127218400563065,7.358859781518473,19.96253964723714,54.1528172840501,146.90153014702133,398.50298916751467,1081.0277620424388,2932.5276197997155,7955.131720799025,21580.05955953622,58540.698876869785,158804.63237544434,430792.7945469807,1168621.022306484,3170143.769959727,8599718.240888186,7.777612552490821
0.7108502380076348,0.5053080608755111,0.35919835534053346,0.2553362363857692,0.18150582440679772,0.12902345847934413,0.09171635616860996,0.0651965936116494,0.04634501408612802,0.03294436429359129,0.02341850919910959,0.01664705283797104,0.011833561471997385,0.008411889988847319,0.005979594000666157,0.004250595818562563,9.397657633147553
1.866703800257346,3.484583077895217,6.504684473819442,12.142319226753706,22.66611344451898,42.3109201039477,78.98195535042412,147.43591620439273,275.2191850731635,513.7526986798041,959.0241150180575,1790.213960042646,3341.7992024853597,6238.149270976389,11644.776950704218,21737.349387028713,9.860862198452967
3.3706680753317264,11.361403274060486,38.29551930684503,129.08148435583232,435.09083843463566,1466.5467989809406,4943.242476304991,16662.029603504983,56162.17125476639,189304.03768975424,638081.0763722486,2150759.5136012435,7249496.430211703,24435646.1795459,82364452.47749704,277623230.50807637,9.551176010084124
2.2091658721149803,4.880413850517542,10.781643720360615,23.81843935232346,52.61888334419342,116.24384131279147,256.8019270717684,567.3180531803107,1253.2996817206538,2768.7468843898355,6116.621125518705,13512.630643153443,29851.64245934968,65947.22974777382,145688.3693193077,321849.77346429776,9.903639161183886
2.1700699666664685,4.709203660227807,10.219301429976168,22.176599113502977,48.12477169901504,104.43412171671298,226.62935103262924,491.8015482410211,1067.2437693979102,2315.993651082319,5025.868265203961,10906.48577874122,23667.83723032127,51360.86274947068,111456.6657147049,241868.76285226538,10.224304900086377
3.0888348923465867,9.54090099217775,29.470267889062804,91.02879174253837,281.1729081425034,868.4966894531261,2682.6428782703138,8286.240926106422,25594.830098947812,79058.20427331264,244197.7398856721,754286.4995910398,2329866.4587627733,7196572.812334434,22229025.208051406,68661788.68548103,8.507306014626534
2.5656912127719544,6.582771399295223,16.889358734858295,43.33287929537918,111.17878763226211,285.25043847473415,731.8645434339725,1877.7384280279016,4817.69698467541,12360.72281937964,31713.79792119212,81367.81265002809,208764.68191865174,535625.7099358169,1374250.1773170652,3525901.6040926944,9.623073363449834
3.2519859096573365,10.575412356609855,34.39109197251133,111.83934651233639,363.69997900340235,1182.7472070617337,3846.277252051326,12508.03942830645,40675.96797829098,132277.6747270753,430165.13437468524,1398890.955812331,4549173.677448784,14793848.699647494,48109387.52085616,156451050.34006873,8.248280714013022
3.0051947670227217,9.03119558774075,27.140501720237197,81.562493744028,245.11117938487644,736.6068336261983,2213.647001766628,6652.440385744608,19991.87903517031,60079.490259445076,180550.56973307693,542589.6273448138,1630587.508737443,4900233.04843038,14726154.714334778,44254963.08588586,8.817960501155369
4.0261159841637335,16.209609917938707,65.261769587672,262.7514536917369,1057.867827570559,4259.098569714392,17147.62482965601,69038.32641712099,277956.30950788414,1119084.3406088543,4505563.35135264,18139920.626543187,73033424.38598692,294041037.29863536,1183843320.2681203,4766290514.476945,8.59075043791028
2.608235761968171,6.802893790009684,17.74355086797445,46.279363918152335,120.70749201246433,314.8335974043968,821.1602478192373,2141.77952466878,5586.265950492302,14570.298627939139,38002.77394394663,99120.1940545938,258528.8348664164,674304.152598551,1758744.2052511834,4587219.532290425,8.602362815039463
4.5432444040433415,20.641069714871136,93.77742447555678,426.0537589741705,1935.6663562810306,8794.205341268758,39954.224204727354,181521.80553602058,824697.9272133692,3746804.2428382826,17022647.409320876,77338047.58439995,351365651.9074628,1596340031.801621,7252562916.4330845,32950165885.05687,9.683951095631237
1.5961804449427264,2.5477920128175597,4.066735788640657,6.491244140576954,10.361196960537987,16.538339974610746,26.39817485928826,42.13625049257463,67.25705905945595,107.35440245506163,171.3569978772808,273.5166891158079,436.58199053213156,696.863635901559,1112.3201084177565,1775.4636055729961,9.741672351606127
0.4522967463545369,0.20457234676290031,0.0925274068349719,0.04184984506008033,0.018928548756115826,0.008561321015604405,0.003872257639854592,0.0017514095315527302,0.0007921568326556235,0.0003582899580126539,0.000162053382260627,7.329621753222961e-05,3.315164070992182e-05,1.4994379229412249e-05,6.781908939069209e-06,3.0674353472137526e-06,10.85764472739929
1.5035002831810167,2.2605131015253974,3.3986820882778335,5.109919482167972,7.68276538847174,11.551039937180574,17.36699181658623,26.111277114239794,39.25831253547753,59.024884014299325,88.7439298302257,133.4265236303406,200.6068160620757,301.61240475737293,453.47433596361765,681.7987925366226,10.148058273746956
0.5699218093177488,0.32481086873601644,0.1851167979961003,0.1055021004490457,0.06012794797474301,0.03426822890032901,0.01953021101699028,0.01113069319916053,0.006343624807026332,0.0036153701276534023,0.0020604782845055677,0.0011743115119653444,0.0006692657416019504,0.0003814291423681685,0.0002173847869449838,0.0001238923310938385,10.440025880605065
4.143406631538383,17.16781851427625,71.13325308109964,294.73399253912635,1221.2027792264005,5059.939693899772,20965.38768288861,86868.1263580538,359929.9708212743,1491336.2279902848,6179212.416908384,25602989.70590252,106083597.33464547,439547480.69381756,1821223946.3827531,7546071376.958804,8.715001861017104
0.2344815969462488,0.054981619306463066,0.012892177897670163,0.0030229784615608325,0.0007088328172008984,0.00016620825094517509,3.8972776107267515e-05,9.138398779060696e-06,2.1427863392458023e-06,5.024439627409622e-07,1.1781386275950234e-07,2.7625182682254297e-08,6.477596951266844e-09,1.5188772775072022e-09,3.5614876959525945e-10,8.351033224513805e-11,10.742268626188775
3.1314357415569627,9.805889803500405,30.706513808450147,96.1554748383932,301.10469065532567,942.8899902685396,2952.5994158832013,9245.875341396868,28952.864506030335,90664.03473463937,283908.59884181165,889041.5337486067,2783976.4345090077,8717843.310673824,27299366.13233729,85486210.82865065,8.068378139494964
2.7379307795962187,7.496264953860358,20.5242545491827,56.19398825847503,153.8552500811473,421.2450247996468,1153.3397191507254,3157.7643163936295,8645.74011656473,23671.437977532372,64810.75863598874,177447.370918455,485838.6185960649,1330192.507770674,3641975.009813611,9971475.477888925,9.071175748346946
4.096434978350343,16.78077953185218,68.74137223826476,281.594561696629,1153.533812247305,4725.376257199678,19357.196585858987,79295.4971771166,324828.8482620214,1330640.2559978005,5450881.288270446,22329180.772106435,91470037.15276472,374701059.66359085,1534938527.2308724,6287775872.566107,8.6412320781118
0.9947376983940616,0.989503088606315,0.9842960249140609,0.9791163623614368,0.9739639567553816,0.9688386646616216,0.9637403434006775,0.9586688510438924,0.953624046409481,0.9486057890585988,0.9436139392914332,0.938648358143314,0.933708907380845,0.9287954494980557,0.9239078477125737,0.9190459659618168,9.801211511372646
4.284251512288666,18.35481102054772,78.63662687255425,336.8990876000201,1443.3604255390578,6183.719085893321,26492.607845306746,113500.995225726,486266.81044208526,2083289.31801229,8925335.411228977,38238381.73324133,163822844.76811045,701858270.4452085,3006937356.567192,12882475917.230276,8.865969826647811
1.7582631971604394,3.0914894704888503,5.43565216036956,9.557307146143431,16.804261419022463,29.54631440853026,51.95019723624998,91.34211988572432,160.60348774568578,282.38320183884696,496.50399128957275,872.9846951277232,1534.9368611274022,2698.8229928852757,4745.24114404057,8343.382865218035,9.433860015530051
3.7732384576492866,14.237328458283567,53.72083527298018,202.70152162905114,764.8411768347644,2885.9281424266715,10889.295053016684,41087.90687073268,155034.4703489609,584982.0257819872,2207276.6767141805,8328581.243250257,31425723.044688378,118576746.75165361,447418341.0262795,1688216091.0180013,8.371042307585098
1.4798085343983935,2.1898332984783213,3.2405340039980044,4.795369875124445,7.096229266806112,10.50106063106734,15.539559142088429,22.995572239251036,34.02904405301846,50.35646980707562,74.51793378268553,110.27227437735242,163.1818527311274,241.47789833046414,357.34105481800844,528.7963426106131,9.897659280263232
4.419682397805931,19.533592497475585,86.33227492700684,381.56123585743444,1686.3794778041804,7453.261694072294,32941.04951553253,145588.97670905275,643457.0376755781,2843875.7431591004,12569027.563587537,55551109.88032541,245518262.51665735,1085112743.1847663,4795853690.68862,21196150139.189102,9.518446912355179
1.627558189161244,2.648945659105828,4.31131320012082,7.016913104895609,11.4204343865057,18.58742150953602,30.252110093237203,49.237069521655734,80.13619571027229,130.42632157648183,212.27642776398085,345.4922383731623,562.308721855889,915.1901650933443,1489.5252478375035,2424.2890150803605,10.236409518067466
0.8250794885957424,0.6807561625014119,0.5616779464150651,0.4634289527836487,0.38236572336319335,0.3154821154890447,0.26029782250880396,0.2147663942781493,0.17719934675856702,0.1462035464030581,0.12062954729711908,0.09952896519344294,0.08211930770226934,0.0677549564028248,0.05590322477866951,0.04612460411123748,10.206197499900716
1.9626462197329364,3.851980183831986,7.560074346284028,14.837751336634298,29.12125657018263,57.15472412134188,112.17450323663051,220.15886472779292,432.09396359869766,848.047584226405,1664.4173853356028,3266.6624893866992,6411.302785938189,12583.119176384831,24696.21128398071,48469.925718230625,9.612281266156351
0.4673018727932515,0.21837104031608023,0.10204519610351492,0.04768591124872714,0.02228371563238297,0.010413222047804817,0.0048661181647511684,0.0022739461316214813,0.001062619285937688,0.0004965639823849092,0.00023204527893014323,0.00010843519341688836,5.0671968960410385e-05,2.3679105993321282e-05,1.1065290576748942e-05,5.170831009516299e-06,10.353147617245066
4.105528289184642,16.855362533295374,69.20016770490707,284.10324612881743,1166.3939140310472,4788.6632103872635,19659.992277622656,80714.65446093142,331376.2972411173,1360474.7626886657,5585467.62494008,22931295.342516452,94145081.73634931,386515296.3561825,1586849483.3928928,6514855444.747557,8.559386494040233
0.7557600982128193,0.5711733260506503,0.4316700089925821,0.3262389683917625,0.24655839479260727,0.18633899666365594,0.14082757841940283,0.1064318644973214,0.08043695636546909,0.06079104204270718,0.04594344390465601,0.03472222167761798,0.02624166966524385,0.019832406843473052,0.014988541743819783,0.011327741780376181,10.629082384295966
1.920572243460998,3.688597742352811,7.08421844125571,13.605753304890253,26.130832148749963,50.18615092342749,96.38612846967938,185.1165229935321,355.52965586738736,682.8203887861447,1311.4058859719169,2518.649744509042,4837.2487903042,9290.285761373536,17842.66496711494,34268.127085214895,10.092034509871958
4.721303561194006,22.2907073169432,105.24119583701722,496.87563268962515,2345.9006940880518,11075.709301205408,52291.785766530666,246885.39436071526,1165620.8916020314,5503250.066522803,25982514.13721526,122671336.524808,579168617.9910043,2734430858.6527395,12910078150.795961,60952397948.6459,10.1228343409958
4.938127374509361,24.385101966878715,120.41673955284584,594.6331979350722,2936.3744725152233,14500.19116453791,71603.79092522342,353588.6400864908,1746065.742926638,8622295.042839056,42577991.1821399,210255543.80814326,1038268656.5213444,5127102874.863108,25318287058.287155,125024926398.21388,11.74999268743819
2.2815227354739203,5.2053459924844,11.876115227861217,27.095626901473402,61.819288807630336,141.04211290543708,321.7907872530343,734.1729971838491,1675.0323848459823,3821.6244686812097,8719.12311173962,19892.877612830056,45386.05254767194,103549.31076092758,236250.10674371052,539009.9897939161,9.714514457464752
4.130614219213698,17.06197382797039,70.47643170166647,291.1109509063466,1202.4670331825762,4966.927425399659,20516.46104915832,84745.58573759734,350051.3214633132,1445926.9658909068,5972566.4852535,24670368.049187288,101903773.05720831,420925173.98163044,1738679508.8735225,7181814302.008462,8.808961822971359
1.2568706710352968,1.5797238837087173,1.9855086177674608,2.4955275487597532,3.1365553847967407,3.942244471228853,4.954891453938597,6.227657746618862,7.827360370971013,9.837979681897426,12.365068124418034,15.541291470934453,19.533393439828522,24.55094932031374,30.857368146776295,38.78372100902192,10.012967346465599
2.9868582411544216,8.921322152752085,26.64672459394107,79.58998895318508,237.72401441821023,710.0479315853438,2120.812516070335,6334.566341568124,18920.451681452167,56512.707031109436,168795.44472581465,504168.0651486251,1505878.5403160502,4497845.728320586,13434427.581075553,40126730.73572778,8.408322499807323
4.514158801658136,20.37762968658762,91.98785640663964,415.2477916436971,1874.4944735174993,8461.765726288553,38197.75423089463,172430.7284649673,778379.6905764564,3513729.5312476475,15861533.090127686,71601479.20659167,323220447.5721778,1459068428.2838287,6586466587.758949,29732356118.959293,9.3046387968687
2.6727897440090755,7.143805015680099,19.09388877911036,51.033950102056146,136.40301842904657,364.57658870903657,974.4365672073279,2604.464063019156,6961.184836277807,18605.78343655482,49729.34714847765,132916.08903471802,355256.7595857915,949526.6235108013,2537885.0209832364,6783233.055558251,9.372181621146158
2.9510068149271147,8.708441221746273,25.698669392765463,75.83694851260974,223.79535188398805,660.4216085586604,1948.908667581734,5751.24275970422,16971.95657818738,50084.359524878026,147799.2862791748,436156.7010512084,1287101.3971782443,3798244.99457521,11208646.863754246,33076793.281050213,8.202307889280636
0.19640883612693671,0.03857643090873788,0.007576751896716394,0.0014881410216566271,0.00029228404605632864,5.7407169304395476e-05,1.1275275308418322e-05,2.21456370033723e-06,4.349598789121976e-07,8.542996357905805e-08,1.6779199716929383e-08,3.295583087543526e-09,6.472816385840405e-10,1.271318332806279e-10,2.4969815409331882e-11,4.9042923828513246e-12,10.055755219607114
1.7859087931726814,3.189470217531503,5.6961029070518965,10.172720268520454,18.16755057803664,32.44558832772506,57.9448614941451,103.48423766156685,184.81340999456378,330.05989400551937,589.4568669781003,1052.7162019322088,1880.0551217460797,3357.6069735756596,5996.379818126686,10708.987444395652,9.544744321456863
0.3980654507798209,0.15845610310454203,0.06307590011112331,0.025108336611077257,0.00999476133141995,0.003978569174828406,0.0015837309320367694,0.0006304285673751625,0.00025095183185667075,9.989525407204746e-05,3.976484934295431e-05,1.5829012678894773e-05,6.3009830674237485e-06,2.508203665090053e-06,9.98429222591671e-07,3.9744017856269966e-07,10.706562306254048
1.5272995917140912,2.33264404285003,3.562646294259158,5.441228230643732,8.310385655085359,12.692448617998508,19.385171592121203,29.606964657954315,45.218705033987156,69.0625097362485,105.47914292292279,161.09825192053225,246.04529438408272,375.78487765598294,573.9360902163124,876.5723562573559,9.323927785234378
1.6535965599106597,2.7343815829483678,4.521563979046485,7.476842641167222,12.363681270427449,20.444540816610683,33.8070223633005,55.903175880776445,92.4412993245325,152.86061455671853,252.76978637681907,417.9792492020603,691.1690485945672,1142.9147610727,1889.9199171809303,3125.165073557025,9.750369515827076
3.8691514810529792,14.970333183334462,57.9224868081551,224.11087562004496,867.118926325377,3355.0144780409014,12981.059236666142,50225.68457118326,194330.78184549347,751895.2323916745,2909196.5520049217,11256122.147864064,43551641.67932148,168507898.90583536,651982586.6206386,2522619390.6439962,8.494305751119446
0.19979604344988636,0.03991845897822888,0.007975550164466723,0.0015934833671965415,0.0003183716720690714,6.360940042592516e-05,1.2708906531319362e-05,2.5391892415320278e-06,5.07319964028617e-07,1.0136052157605635e-07,2.0251431172912898e-08,4.046155822545688e-09,8.08405924526349e-10,1.6151630522181198e-10,3.2270318735962254e-11,6.447482004311996e-12,10.257588968653264
2.1474608921581915,4.611588283348856,9.903205489226597,21.266746495120447,45.66950640171345,98.0734789618478,210.6089606284673,452.27450648771776,971.2418152025201,2085.703814976145,4478.967375286416,9618.407275680001,20655.153469372617,44356.134297003286,95253.06373013122,204552.22921870867,9.645020404312119
1.5746343592134415,2.4794733652155254,3.9042639536229444,6.147788168813203,9.680518483779155,15.243277019559466,24.002587742006998,37.79529936859959,59.51377700255501,93.71243811478986,147.56282494121143,232.3574942950297,365.87809413769503,576.1242183127447,907.1849893302336,1428.4846543620652,9.889083312394368
3.1824557153377238,10.128024380085742,32.231989073483675,102.57687784361119,326.44637115489996,1038.9011196331712,3306.256805847346,10522.015868143133,33485.84953644634,106567.23324020271,339145.5004930114,1079315.536375057,3434873.897389601,10931334.066211898,34788486.575282015,110712817.92945592,8.904636694265749
1.7317357504001651,2.998908709214023,5.193317423932337,8.993453446199718,15.57428485234362,26.970545865719203,46.705858483473314,80.88220488896158,140.06660577740578,242.5583486619399,420.0469639359094,727.4103442948632,1259.6824984263073,2181.4372166782364,3777.6728153751333,6541.931067699961,10.018625406173417
0.2154867810249722,0.046434552796504325,0.010006032310452839,0.0021561676934113475,0.00046462563560325046,0.00010012068259782616,2.1574683607028512e-05,4.64905912211081e-06,1.0018107850184417e-06,2.1587698125972447e-07,4.6518635789046277e-08,1.002415108385465e-08,2.160072049567825e-09,4.6546697274338477e-10,1.0030197962991046e-10,2.161375072088174e-11,11.339077075382914
4.39957587258958,19.35626785867236,85.15936905439608,374.6651054166727,1648.3675580924246,7252.118137742834,31906.243983982647,140373.94121688648,617585.8049181217,2717115.606571583,11954156.265708938,52593217.483778596,231387850.70348877,1018008405.165429,4478805217.459219,19704843372.761906,8.568884341884132
3.8162029357184046,14.56340484658577,55.57690832959626,212.0927607255579,809.3890161254952,3088.792739476346,11787.459920215326,44983.33915218876,171665.5509309994,655110.5794245972,2500034.916420333,9540640.58744179,36409020.61842953,138944211.3706827,530239307.3338778,2023500801.2808378,8.820167678298708
4.39048321362429,19.276342849116677,84.6324596991134,371.5773936366916,1631.4043093241598,7162.653234722054,31447.5087920589,138069.7594618369,606192.9612263384,2661480.0204814393,11685183.353320193,51303601.3608743,225247600.57339093,988945809.226622,4341949974.593574,19063258477.8495,8.782914146847753
2.087545719196335,4.357847129734943,9.097205120590216,18.990831606139082,39.6442292233741,82.75914100609283,172.76349053163494,360.65168509273104,752.8768813362753,1571.6649107154285,3280.9223563750825,6849.075420066355,14297.758073612358,29847.223660674314,62307.44398273622,130069.63796022644,9.08531274387391
3.027887821968784,9.168104662426867,27.75999245789754,84.05414310121324,254.50651628218506,770.6171812625282,2333.3423785447203,7065.098972479235,21392.327139774046,64773.56683009414,196127.0941903232,593850.8400570042,1798113.7266745353,5444486.6555127315,16485294.841098553,49915623.49092712,9.488374575547407
2.567333137041442,6.591199436551051,16.921804726306394,43.443910012390894,111.53498977745762,286.3474751952454,735.1493617769058,1887.3733171647175,4845.516059124806,12440.053944657573,31937.762718702492,81994.87655069168,210508.16363621302,540444.584120992,1387501.2895484038,3562178.0383453495,9.794647332996103
2.989183239814868,8.93521644119011,26.70899923012373,79.83809285091407,238.65068904873556,713.37063987475,2132.395560489611,6374.121070071177,19053.415871207577,56954.15138343629,170246.39475324654,508897.66983531043,1521188.3854525504,4547110.826395803,13592147.47184307,40629419.41592533,7.5946407217353675
1.3110783056597517,1.7189263235716452,2.2536470118622587,2.9547077058675324,3.8738531727286163,5.078924854075687,6.6588681922547535,8.730297627112975,11.44610382086063,15.006738403859565,19.675009160011324,25.79547767334774,33.819891161656706,44.34052560182209,58.13390117809974,76.21809665797446,10.056960875512743
1.504356544703536,2.263088613592362,3.4044921671017216,5.1215700729714,7.704667458432292,11.590566915856979,17.436345196693726,26.23048001235627,39.459994277303444,59.361900645025514,89.30146374138519,134.34124143095835,202.09712577026002,304.0261338182643,457.363704170419,688.0380816786218,10.017013878111289
0.12699891025053034,0.01612872320482226,0.0020483302707448685,0.00026013571221777205,3.303695196890262e-05,4.195656898049745e-06,5.328438538374381e-07,6.767058877104751e-08,8.59409102993481e-09,1.0914401953955787e-09,1.386117154188644e-10,1.7603536806152413e-11,2.235629990936458e-12,2.839225725723332e-13,3.6057857312213426e-14,4.579308584620222e-15,8.997132006216686
1.5153128032551737,2.2961728917090527,3.479420181294183,5.272409948619513,7.989350299153101,12.106364797997246,18.34492957928296,27.798306666302018,42.12313000026109,63.829718202577745,96.72198922053587,146.5640686221869,222.0904096803697,336.536441268851,509.9579782166227,772.7458535137713,10.017600626282377
1.2103793770176368,1.4650182363096025,1.7732278601838936,2.146278432719698,2.597811152301658,3.14433704413235,3.805840712610391,4.606511110757724,5.575626048463756,6.748622783022869,8.16839383984225,9.886855447102965,11.966845936727916,14.484423529762772,17.531647528413863,21.219944613534363,10.410099481821778
2.787890943313221,7.772335911807881,21.668424896917294,60.409205525978436,168.41427697862227,469.52063751334526,1308.972333022105,3649.272112279904,10173.772671510651,28363.368690232095,79073.97869335183,220449.62905093818,614589.5242878697,1713408.5686173327,4776796.230643531,13317186.949463831,8.800976547212127
2.827535099440838,7.994954738569909,22.606015141747267,63.91930127178145,180.73406787769545,511.03192058890676,1444.960692399797,4085.677075072762,11552.395334749013,32664.803291619424,92360.87782338454,261153.62386078667,738421.0378125446,2087911.4025805,5903642.775319113,16692757.161775114,7.6581858459859795
2.375661237075253,5.643766313341921,13.407676861717507,31.852098199613053,75.66979501233517,179.76579882823498,427.06264002810576,1014.5561597177931,2410.24174147749,5725.917877208825,13602.841147561223,32315.742428353446,76771.25663434737,182382.4985077754,433279.03202585713,1029324.2012213158,9.69774063586613
1.4639898814475454,2.143266372980798,3.137720283290669,4.593590745550265,6.724970370996674,9.845288576173676,14.413402855449373,21.10107593760504,30.891761660310053,45.22522649078314,66.20927396868001,96.9297071481359,141.9041104765448,207.7461818734762,304.1383081721306,445.25540572457453,10.200305206089727
0.32125530347412223,0.10320497001025038,0.03315514396068067,0.010651265834816681,0.0034217756381475827,0.00109926357105346,0.0003531442521168266,0.00011344946388393306,3.644624194900939e-05,1.1708548517820295e-05,3.761433307333843e-06,1.208380398645205e-06,3.881986116789462e-07,1.247108628031528e-07,4.006402607634647e-08,1.2870780855551831e-08,10.121453893205533
4.894095728788213,23.95217300254303,117.22422758694219,573.7065915437512,2807.7749792519166,13741.519533355218,67252.31205525357,329139.25318074855,1610839.0131684437,7883600.334113101,38583094.72265626,188829359.08558303,924148959.7705677,4522873476.777205,22135375764.544815,108332647984.3809,10.065255833163814
1.6985392181893184,2.885035475727181,4.900345901390095,8.323429696204363,14.137671768844713,24.013389953270696,40.787684597303645,69.27948190765663,117.67391703599212,199.87376304358878,339.49342521661436,576.642897047842,979.4505755260651,1663.6352148091205,2825.7496571141023,4799.646613393322,10.247786168247933
2.475243154412272,6.126828673464815,15.165390732250605,37.53802959399063,92.91575078265059,229.9890760618326,569.2788861116545,1409.1036657993163,3487.874202626996,8633.336743503634,21369.60767409331,52894.97510777542,130927.92503832864,324078.4501725261,802172.965282084,1985573.1409690715,9.486260862718986
4.885403629613409,23.867168624239866,116.6007522254567,569.6417381378999,2782.929815078187,13595.735419542347,66420.65516589576,324491.70982876775,1585272.976976923,7744698.355651113,37835977.45695895,184844021.59819835,903037654.0281775,4411703432.666836,21552951962.728493,105294869747.59721,10.179471309767887
2.2038691245033326,4.8570391179390855,10.704278548530851,23.59082899319049,51.99109963953057,114.58157924453776,252.52280473386867,556.5272125859572,1226.5131407640936,2703.0744417275955,5957.22230335753,13128.938302172286,28934.461761666706,63767.76691065956,140535.81263292785,309722.5383486951,9.392861905630213
1.5913640273947558,2.532439467686057,4.030033070430315,6.41324965749404,10.205814803637754,16.241166548761996,25.845608208626874,41.12977116934742,65.45243829387742,104.15865580615151,165.75433799170145,263.77549086462557,419.7628274703592,667.9954636738408,1063.0239513534307,1691.6580764428825,10.397135115716107
2.5989849293769005,6.754722663128253,17.55542240359093,45.62627825577843,118.58200957032511,308.19285576850234,800.9885874839663,2081.7572674737194,5410.455764785034,14061.692993736677,36546.128172246375,94982.8363467449,246858.96021466248,641582.7172795597,1667463.8131582565,4333713.320679649,7.9099040212814975
2.8906821494123376,8.356043288931131,24.15466517502998,69.823459446491,201.83742783218779,583.4478497178062,1686.5622842922746,4875.315489075774,14092.987457024821,40738.34727391363,117761.61326126289,340411.39334033185,984021.1381854792,2844492.338797176,8222523.227901148,23768701.118022162,8.658655070969179
4.269668752502432,18.230071256095677,77.83636559804448,332.3354980023258,1418.9624911678648,6058.49980951244,25867.787323717203,110446.88323245385,471571.606148893,2013454.5513413122,8596783.982445804,36705419.94186227,156719984.57324898,669142421.0250643,2857016486.024544,12198514015.763296,8.131710608049973
0.34048636768975016,0.11593096658255975,0.039472913714457575,0.013439989012766584,0.004576133040747045,0.0015581109171090128,0.0005305155266241931,0.00018063330466328646,6.150317778859842e-05,2.0940993606616796e-05,7.1301228489312335e-06,2.427709630014289e-06,8.266020337289926e-07,2.81446723989345e-07,9.582877274931175e-08,3.262839075357967e-08,9.69901529144495
2.3226540388966628,5.3947217844029804,12.530072341267394,29.103023131112074,67.59625421958046,157.00271287739415,364.6629851824126,846.9859553700446,1967.2553501289826,4569.25358451815,10612.795292824136,24649.85185086147,57253.07795960777,132979.0927621485,308864.4268928182,717385.2085941072,9.44169302058018
3.909745593095742,15.286110602731574,59.76480356460387,233.66517735894266,913.571397439061,3571.831745115687,13964.953424745532,54599.415110186135,213469.8226126553,834612.6982187588,3263123.3188025383,12757982.015416175,49880463.961568125,195019924.15531194,762478289.0320967,2981096130.3744216,8.521881392463207
3.5930140519112514,12.909749977231709,46.38491307485449,166.6616444746341,598.8176305119975,2151.560160961807,7730.585891868207,27776.103738989343,99799.93104153336,358582.55461200327,1288392.1574911615,4629211.126237998,16632820.625837035,59761958.23155177,214725555.69569877,771511938.9190978,8.183383619033394
2.9301099002658795,8.585544027636121,25.156587554545194,73.71156625047828,215.9829900346307,632.8538973894981,1854.3314701628155,5433.394999098649,15920.444478914073,46648.65198429939,136685.6770132532,400504.05544107757,1173520.897944536,3438545.20123619,10075315.33665389,29521781.216230217,8.419593456074494
0.18547206617203935,0.03439988733012534,0.006380218179203705,0.001183352248325318,0.0002194787865062249,4.070718401424144e-05,7.550045527166771e-06,1.400322543616585e-06,2.5972071547185373e-07,4.817093772624506e-08,8.934363349531311e-09,1.6570748303693144e-09,3.0734109259027834e-10,5.7003187462290973e-11,1.0572498957023195e-11,1.960903226160823e-12,10.5152498502869
1.7532819564156648,3.073997618692741,5.3895845589187035,9.449461359728643,16.567570099859264,29.04762171773492,50.92867103449243,89.29231998900468,156.5546134832157,274.48437901375064,481.2485090427676,843.7643274566253,1479.3567707968996,2593.729533339548,4547.539190626652,7973.118409018805,10.194327253925298
2.8159534224637253,7.929593677485167,22.329366454861074,62.87845589001274,177.06280306271574,498.600606275475,1404.0360836839122,3953.700215112278,11133.435652140986,31351.236228426067,88283.62095590512,248602.56457827127,700053.2425574423,1971317.324286458,5551137.766086485,15631745.390978877,8.272383041389206
1.4986493621228143,2.245949910591118,3.365891400867171,5.044291000884251,7.559623490837035,11.329224922431566,16.978535703347955,25.44487170160184,38.13294074490245,57.14790732321513,85.64467485659006,128.35133734304452,192.35364983676382,288.2706746298613,432.016662652755,647.4414959109783,10.200484975898224
2.5616707663677465,6.562157115263117,16.81008604648163,43.061906005398356,110.31042575810467,282.5789928901164,723.8743452762504,1854.3277488177632,4750.1771854109775,12168.390030934324,31171.40901600518,79850.88722279247,204551.6834671553,523994.0677491204,1342300.2851030421,3438531.4000355545,8.693170589221639
3.3673346264236024,11.338942486311382,38.18201366118205,128.57161670787733,432.9436569156987,1457.8661672226924,4909.123225580434,16530.660622877323,55664.26591307197,187440.21006353825,631173.9097310661,2125373.7615325837,7156844.661300849,24099490.843933247,81151049.99795498,273262740.6287468,9.56121299189456
0.7959686668904675,0.633566118671388,0.5042987788658324,0.4014060267283273,0.31950661997674606,0.2543172583655698,0.20242856910848117,0.16112679829382262,0.12825188283826325,0.10208448020896482,0.08125604762213605,0.06467726790257998,0.051481078710534214,0.040977325591307144,0.032616667223649386,0.025961845128418207,9.9087486612781
0.2523883507699881,0.06369987960439456,0.016077107557599946,0.004057674661614362,0.0010241098158060185,0.0002584733874186373,6.523567196852207e-05,1.6464723659507227e-05,4.155504450306632e-06,1.0488009148302369e-06,2.6470513318005826e-07,6.680849200366496e-08,1.6861685114234938e-08,4.255692897184615e-09,1.0740873117039776e-09,2.7108712518393706e-10,9.965781810197157
1.689079435323397,2.852989338832406,4.818925621418712,8.13954816749137,13.748343422533914,23.222044144765725,39.22387721109589,66.25224437091211,111.90530351092794,189.01694686393154,319.26463787548204,539.2633342614481,910.8586081249391,1538.5125434711276,2598.6698981641757,4389.359884183056,9.725897031131684
0.5403188638972628,0.2919444746832288,0.1577431068819254,0.08523157629806642,0.04605222847354412,0.024882887768762536,0.01344469364970087,0.007264421598253118,0.003925104024838863,0.0021208077473795083,0.001145912432608609,0.0006191581037128323,0.00033454280317090116,0.00018075978733430692,9.766792293078355e-05,5.2771821157166393e-05,10.012160670468726
0.8945140428554521,0.8001553728656056,0.7157502174945246,0.6402486207256963,0.5727113821579696,0.5122983738434592,0.4582580895349865,0.4099182963411565,0.36667767250054717,0.32799832725329187,0.29339910976116773,0.2624496238426527,0.23476487406938393,0.21000047662425572,0.18784837534673485,0.16803300967523624,10.350489310341873
4.429135480838529,19.617241107622743,86.88741862593601,384.8361486746036,1704.4914404039378,7549.423515478651,33437.41955228323,148098.8613267016,655949.921373879,2905291.0704102903,12867927.762117565,56993795.416062035,252433241.46493265,1118061026.3154128,4952043761.396335,21933272726.26559,9.517595111335318
1.826824856070579,3.337289054757292,6.0966425971229095,11.13749823500282,20.346258610145355,37.16905095705357,67.90134616489941,124.04386693469093,226.6064193594048,413.970239430914,756.2511230658826,1381.5383490480447,2523.8285956556797,4610.592811005499,8422.745548365168,15386.88092411131,8.959401564946575
1.0938467458976835,1.1965007035109514,1.3087884009997433,1.4316139335022016,1.5659662425431657,1.7129270785914643,1.8736797108772987,2.0495184545976457,2.241859092218884,2.452250272784761,2.682385981012317,2.9341191765718886,3.209476713369151,3.5106756589532377,3.8401411454482046,4.200525895736321,9.964520156736294
3.762480851093014,14.15626215484161,53.262665280644285,200.39975819660083,754.0002527783809,2836.91151279795,10673.8252431476,40160.06308525608,151101.46833696341,568516.3811898621,2139031.9977595527,8048066.931445551,30280697.717878796,113930545.3212549,428661495.12580633,1612830667.0117476,7.809646635942082
0.5343979219678457,0.28558113900355175,0.15261396723670856,0.08155658695456595,0.043583670591309964,0.023291022995727155,0.012446674289421901,0.006651476875677677,0.0035545354203793296,0.0018995363422118167,0.0010151082739803976,0.0005424717521874911,0.0002898957770952514,0.00015491970086695616,8.278876621518164e-05,4.424214462767486e-05,10.848047525821157
3.723016203877803,13.860849654336686,51.60416786260953,192.12315314012545,715.2776122807836,2662.990140792382,9914.355444936871,36911.305972504095,137421.39024192427,511622.062630099,1904777.2294332427,7091516.48995743,26401830.802178156,98294443.88854937,365951807.3482268,1362444508.5958164,9.677034354710926
2.3489264672024723,5.517455548324287,12.960097369072049,30.442315727734464,71.50676113580957,167.96412381582823,394.53537597147204,926.734586867069,2176.831399164007,5113.216888133726,12010.57048108397,28211.94688921887,66267.78873939667,155658.1628929508,365629.57865536585,858836.994495677,9.867202960976343
2.9912783563955463,8.94774620544044,26.765199562854367,80.0621621569738,239.4882128263863,716.3759076394196,2142.879747565011,6409.949809249569,19173.944129989995,57354.6040827765,171563.58583244498,513194.44104620226,1535107.424124015,4591933.612524284,13735751.629149104,41087456.557098575,8.694342115446213
0.7381009614264883,0.5447930292587063,0.4021122586743001,0.29679944472887765,0.21906795550523248,0.16169426857614724,0.1193466950932071,0.08808991039137011,0.06501924755184348,0.047990769129242515,0.03542203283389053,0.026145036490375237,0.019297676570076583,0.014243633629670942,0.010513239676266785,0.007759832312759616,10.784262307181734
0.9201741104657564,0.846720393571446,0.7791301849678205,0.7169354248897845,0.6597054168593465,0.6070438451279901,0.5585860302043607,0.5139964034618957,0.4729661833381479,0.43521123703356407,0.40047011290206125,0.36850222990777526,0.3390862116100347,0.3120183531394669,0.2871112105490992,0.26419230277176387,10.362071408715543
3.2253606323412094,10.402951208656486,33.55326928856703,108.22139384968743,349.0530232998749,1125.8218799510953,3631.181570622634,11711.870086769164,37775.00470895989,121838.01307478303,392971.5308940787,1267474.905376619,4088063.6622821465,13185479.598829465,42527926.81660272,137167900.92935842,9.221332836976242
0.2431400313170279,0.05911707482884531,0.01437372742525653,0.003494828536319296,0.0008497327197683164,0.00020660404009557176,5.0233712779061805e-05,1.2213826498271672e-05,2.9696701572905198e-06,7.220456950448602e-07,1.755582129055325e-07,4.268522938381262e-08,1.0378488009154721e-08,2.5234258995692773e-09,6.135458522474734e-10,1.4917755772988326e-10,10.451939056136196
1.2430625390138472,1.5452044758995525,1.9207857991072588,2.3876568723400107,2.968006814024835,3.689418086052111,4.586177413531546,5.700905340032483,7.086581866658378,8.809064448097851,10.95021801918913,13.61180581368842,16.920325895326975,21.0330232683869,26.145363307138346,32.50032169601087,10.085096515668102
2.7120425811400213,7.355174961916629,19.947547688452833,54.098598720405285,146.7177033097462,397.9046587831,1079.134377853758,2926.658383511437,7937.22215653344,21526.084464486717,58379.65767290467,158328.11748129522,429392.59640101244,1164531.0054658172,3158257.673881099,8565329.293777775,8.202393280989076
1.133866716350046,1.2856537304464357,1.4577599737044873,1.6529055146108365,1.874174548288672,2.1250641409349074,2.4095394995150947,2.7320966402309135,3.0978334462096186,3.512530237453047,3.982741126421134,4.5158976030874145,5.12042598658577,5.805880599723452,6.5830947711288665,7.464352051561045,9.91992194653722
1.9070576745231604,3.6368689739576845,6.935718888021174,13.22681593373602,25.2243008359365,48.104196493653674,91.73747709999235,174.94865974493308,333.63718421411573,636.2653526618268,1213.394723826922,2314.013720300042,4412.957624250085,8415.76470467162,16049.34866702515,30607.033546548366,9.842288754220274
4.611163934517732,21.262832830997052,98.04640789597318,452.1080599989261,2084.744380771827,9613.09810130355,44327.57126371182,204401.69791599255,942529.7375844131,4346159.133159708,20040852.248500895,92411655.10528593,426125291.1505859,1964933574.1394496,9060630830.794853,41780054110.94066,9.154097724692349
4.626784364338884,21.407133554090773,99.04619081338147,458.265367002679,2120.2950347660158,9810.147914640773,45389.43898331164,210007.1465941001,971657.7822610063,4495651.03445342,20800407.913733013,96239002.10713069,445277110.1888492,2060201171.21977,9532106566.392288,44103001620.59585,9.691308167883458
2.833749622875,8.030136925144205,22.755397483262005,64.48309903656444,182.72895757667575,517.8081146212468,1467.338549529573,4158.070061359377,11782.929468264963,33389.87193705857,94618.53700948427,268125.2435676103,759799.8078429832,2153082.4189355513,6101296.492677411,17289546.635173175,9.319696540736325
2.6673544249450134,7.114779628273743,18.977638923984607,50.62008915889906,135.02171880910052,360.1507791291356,960.6497743574942,2562.3934264548907,6834.8114445044675,18230.86455016381,48628.177228452616,129708.58370732343,345978.76470507984,922847.9889731044,2461562.666939017,6565860.071939235,8.828161125352457
0.07430012316614054,0.005520508302503654,0.00041017444681572295,3.047601191801178e-05,2.264371439121042e-06,1.6824307682058433e-07,1.2500481329619861e-08,9.287873024267959e-10,6.900901096545837e-11,5.1273780143071e-12,3.8096481798237864e-13,2.8305732898057045e-14,2.1031194406335147e-15,1.5626203347217475e-16,1.161028833317416e-17,8.626458531492447e-19,11.029740438181786
4.889496317010026,23.907174234054605,116.89404036752697,571.5529798574444,2794.6061899890797,13664.216673445026,66811.13709963644,326672.80878392427,1597265.495416318,7809823.757125281,38186104.49696146,186710817.29885304,912921853.5286738,4463728040.546416,21825381814.38608,106715123998.77834,11.154305620091256
2.8651445201659294,8.209053121436854,23.52012356663582,67.38855315057215,193.07794378127227,553.1962125898176,1584.9870970782624,4541.2170957274875,13011.243276707448,37279.09237480414,106809.98723442956,306026.0496237187,876808.8591074245,2512184.097904578,7197770.50175929,20622652.710527603,8.47800643739093
3.9587849813831197,15.671978528824548,62.04199322846934,245.61091100793763,972.3207857620495,3849.2089237614355,15238.190477592652,60324.71960614906,238812.59398297072,945407.7104249293,3742665.8453140114,14816409.338764668,58654978.76832616,232202449.03139538,919239567.8658674,3639071795.560505,7.96590317445095
2.807786801381845,7.883666722014092,22.135655368564443,62.15220098379242,174.51012959912407,489.9872385958558,1375.7797013749807,3862.896087129727,10846.188648552421,30453.78533270308,85507.73650927973,240087.49398679213,674114.496792958,1892769.7867154316,5314494.0251939185,14921966.179962158,8.649577714488403
4.3866762078246735,19.242928152295057,84.41249509455234,370.29028387438973,1624.3435782604297,7125.469328087823,31257.126771107316,137114.89433177613,601478.6447035965,2638492.0602358966,11574210.345171113,50772313.14552032,222721698.0916779,977007973.9850734,4285817634.335309,18800494247.61413,9.057772870115556
2.920979142653377,8.532119151816058,24.92214208508813,72.79705722078637,212.6386857884614,621.1131661093208,1814.2586034327285,5299.411540006445,15479.470576695438,45215.21069384402,132072.6873673963,385781.56511434476,1126859.9053191768,3291534.280129675,9614502.979587378,28083762.67035348,8.763784303261927
3.544249131844776,12.56170190858245,44.52180108398621,157.79635484008395,559.2695936502378,1982.1907717620359,7025.377921968323,24899.689600817685,88250.70325090249,312782.4783817021,1108579.0274606051,3929080.2556585763,13925639.28506636,49355934.94647996,174929729.58544886,619994542.2170686,9.176808159795996
0.7426672567822928,0.551554654296536,0.4096215820719143,0.30421253667617143,0.2259286900920749,0.16778984049909804,0.1246120205594036,0.09254526747095095,0.0687303399208347,0.05104377300672082,0.0379085388747194,0.028153430574712764,0.020908631053932657,0.015528155667897227,0.011532252772765646,0.008564626531269853,9.711997373955072
2.142253694839482,4.589250893053413,9.831339682189068,21.06122375939155,45.118484416397635,96.65523994658543,207.06004490116933,443.57514624315905,950.2504959783711,2035.677636032716,4360.937937293188,9342.235409132001,20013.43832327327,42873.86219447425,91846.68969815124,196758.9103646399,9.226308036394652
3.4694503317120584,12.037085604216912,41.76207064239681,144.89142984324602,502.69361933188435,1744.0705443405413,6050.966128591522,20993.526442020284,72835.99727807315,252700.87491698947,876733.1343046766,3041782.0636363127,10553311.789678795,36614191.089361876,127031117.42035526,440728152.471805,8.523851026442019
0.5230987226142658,0.2736322736006766,0.14313669278655122,0.07487462115587554,0.039166818682865576,0.020488112821871542,0.010717305645897965,0.005606208893235885,0.0029326007107604284,0.001534039685736468,0.0008024542000483363,0.00041976276700173725,0.00021957736721963845,0.00011486064030759644,6.008345422356035e-05,3.1429578154597134e-05,10.794060343723547
2.1980261888729524,4.831319126971356,10.619365967885848,23.341644506639263,51.30554591695559,112.77093355989216,247.8734653082947,544.832368274323,1197.555814012635,2632.259041836838,5785.7743098549945,12717.28345596961,27952.92208754193,61441.254803942364,135049.48713628142,296842.30951940746,9.610341856686887
0.8310107385226684,0.6905788475399908,0.573878438102341,0.47689914466966177,0.3963083104127645,0.32933646171878234,0.2736821362753678,0.22743279418665496,0.1889990942613262,0.1570602769022201,0.13051877670108872,0.10846250501744698,0.09013350639656724,0.07490191171624899,0.062244292972079784,0.05172567587154936,10.487253272276034
2.5348931463202367,6.425683263261309,16.288420464465744,41.289405399756504,104.66423076348053,265.3126412272265,672.5391958790163,1704.8149982654418,4321.523854847014,10954.601201311105,27768.74350587495,70390.79759496699,178433.15038749683,452308.9699935938,1146554.9080559264,2906394.178310797,9.631023884766837
4.095179320681063,16.770493668533813,68.67817886899236,281.24945788633266,1151.766963888869,4716.692252761309,19315.70057552469,79101.25756135602,323933.83420513174,1326567.1391057835,5432530.315561044,22247185.807258558,91106215.26123448,373096288.7233249,1527896206.2026114,6257008947.787984,9.061690768886391
0.4505336736221927,0.20298059106750846,0.09144959136764862,0.04120112035011509,0.018562492108687434,0.008363027761309911,0.0037678256199073367,0.001697532318104668,0.0007647954713680926,0.0003445661132850833,0.0001552386368240492,6.99402333364403e-05,3.1510430259059793e-05,1.419650990203011e-05,6.3960057587754605e-06,2.8816159710098083e-06,10.084286458210183
4.000343753470726,16.002750145932254,64.01650158463283,256.0880122331348,1024.4400800755557,4098.112475135299,16393.85864092795,65581.0700095182,262346.8237585025,1049477.4776652108,4198270.67218624,16794525.85885957,67183876.61199145,268758601.13872796,1075126791.2568407,4300876743.5933275,8.721763416137438
2.8256317697890228,7.984194898441045,22.560394761222454,63.747368176292,180.1265887593684,508.97141178219357,1438.165791046137,4063.726949403726,11482.595971982997,32445.58797808662,91679.28418036633,259051.89801155927,731985.2730456076,2068320.8425353612,5844313.082784715,16513876.719310114,8.303585261043004
2.946738558403037,8.683268131579208,25.587321016276746,75.39914544489908,222.1815691531228,654.7109967899978,1929.2621388515736,5685.031133821046,16752.30044775221,49364.649671343905,145464.7166086069,428646.4893177526,1263109.1379967171,3722052.4004061488,10967915.324673379,32319578.99251461,8.827845282090783
0.9905032860813444,0.9810967597379416,0.9717795644841905,0.9625508519682884,0.9534097818949874,0.9443555219490829,0.9353872477196298,0.9265041426248778,0.91770539783792,0.9089902122130473,0.900357792212802,0.8918073518357247,0.883338112544787,0.874949303196504,0.8666401599707197,0.85840992630106,10.742781342836738
2.1805912766941717,4.754978315994718,10.368664236728025,22.609818785579964,49.30277361147168,107.50919805400275,234.43361944094443,511.2039055167646,1114.7267769818486,2430.7634857840285,5300.50165280737,11558.22766621479,25203.770422993206,54959.12192418156,119843.38184264171,261329.4330155932,7.8857899792983455
1.4795188111041868,2.1889759124111463,3.2386310394662416,4.79161554511621,7.089285334578675,10.488731009794188,15.518274833602314,22.959579532199317,33.969129812931556,50.25796655507228,74.35760692607452,110.01347819581822,162.76701046571335,240.81685381121497,356.2930652446195,527.1422922953859,10.67650410215104
0.18778837970838846,0.03526447555350189,0.006622258725458195,0.0012435832360635321,0.00023353048093288506,4.3854310626907196e-05,8.235329935855263e-06,1.5464992650182465e-06,2.9041459119799014e-07,5.453648552474458e-08,1.0241318251681766e-08,1.9232005605612645e-09,3.611547171220643e-10,6.782065915239384e-11,1.2735931692982925e-11,2.391659976701976e-12,10.063983123134507
0.15342420186473138,0.023538985717829843,0.0036114500964633547,0.0005540838486241973,8.500987224130612e-05,1.3042571799245175e-05,2.0010461685626443e-06,3.070089113062024e-07,4.7102597182514215e-08,7.2266783784831885e-09,1.1087473623518943e-09,1.701086791384655e-10,2.609878832708275e-11,4.004185768719239e-12,6.143390056838651e-13,9.425447162141967e-14,10.306255234257657
2.2655250010061674,5.132603530183995,11.628041617884353,26.343618998057206,59.682127457079645,135.21135186725058,306.3246980750981,693.9862619148006,1572.243226722795,3561.9563378031003,8069.701135785293,18282.109673769446,41418.57653706139,93834.82065080001,212585.13214931724,481616.93172647816,9.606018480314166
3.7243203847503383,13.870562328266908,51.658418027114564,192.39249930233711,716.5313070247594,2668.5921530641144,9938.692154241477,37014.873787799785,137855.2489868637,513417.1139466099,1912129.8233510465,7121384.079395366,26522315.894528683,98777601.73678108,367879435.7050442,1370100881.5267477,7.297610350211348
2.7864770311819846,7.764454245304767,21.635473414205187,60.28674972743123,167.98764340010388,468.09370985677936,1304.3323709566798,3634.492192697928,10127.429014963025,28219.84833512046,78633.95920925232,219111.72120748268,610549.778407401,1701282.9339254736,4740585.81892523,13209533.498782191,8.095726143958498
1.9255679978274327,3.707812114257148,7.139644349170436,13.747870674632061,26.472459809341736,50.974521432641346,98.15490717526275,189.0039480864082,363.9399538982251,700.7911283572134,1349.4209699260268,2598.4018352868115,5003.399419524352,9634.385802584446,18551.664980179576,35722.49239224968,9.499001110039103
0.8403639876630931,0.7062116317610152,0.5934748230007466,0.49873486883455576,0.41911882316043697,0.3522123655357675,0.29598658800588856,0.24873646939142155,0.20902917129501392,0.17566058792738964,0.14761883214590454,0.12405355043630113,0.10425013632841466,0.08760806027936763,0.07362265888779801,0.061869831205309596,9.884646570401266
4.1913066035184645,17.567051044697486,73.62889704798651,308.60128240700703,1293.442592806755,5421.214480502997,22721.972051222132,95234.75150324931,399158.04286000883,1672993.7408866612,7012029.713823322,29389566.44361538,123180683.90966982,516288013.8965198,2163921361.961916,9069657893.885649,9.093830036606066
2.9952589873074627,8.971576401046127,26.87219484554895,80.48918311980776,241.08594912064032,722.1148558171476,2162.921011754544,6478.508599293948,19404.811106383877,58122.434863399976,174091.74538879137,521449.8649918199,1561877.3945470115,4678227.3030893,14012502.37424538,41971073.67112563,8.260921728028393
3.913574091224856,15.316062167506459,59.94054407834249,234.58176031892265,918.0530994580547,3592.868824407719,14060.958344371556,55028.602274324476,215358.51213711346,842821.493424541,3298444.3601937243,12908706.389400907,50519178.87678815,197710549.56215212,773754884.3282664,3028147068.265789,7.742367950535411
4.242545909473573,17.999195793990943,76.3624144896102,323.9710492304212,1374.462049700385,5831.218346683031,24739.211543967343,104957.24073946005,445285.91236882925,1889145.9260665842,8014788.3210324515,34003107.40669279,144259744.23765504,612028587.8171672,2596559381.72461,11016022383.640972,9.345750032992731
3.0158148793101742,9.095139386268642,27.429256690508975,82.72156045565511,249.4729128619208,752.3641225938313,2268.9909155776204,6842.856564218603,20636.78864335576,62236.73425181153,187694.46919628637,566051.7729663856,1707107.3593719304,5148319.774973769,15526379.380812699,46824685.95846963,9.054069115477512
3.9053030864514096,15.251392197046906,59.56130901980823,232.60496394814325,908.3928836306027,3547.549532153089,13854.256137256712,54105.06925331702,211296.6939476462,825177.6310307216,3222568.7493349393,12585107.683079597,49148659.8780541,191940413.11671522,749585487.7594665,2927358518.90623,8.871825201133325
3.0786843801678465,9.478297512689478,29.180686502900848,89.83812373905555,276.5832282990165,851.5124647805796,2621.538124838194,8070.8884769538545,24847.71828807449,76498.28217630587,235514.06644586526,725073.4776766977,2232272.3901972286,6872462.139980152,21158141.843651786,65139240.807426475,8.107303022664146
0.10582595586077492,0.011199132933846683,0.0011851589475362098,0.0001254205784699694,1.327275260119584e-05,1.4046017309251366e-06,1.4864332077885155e-07,1.5730321503741752e-08,1.6646763091307734e-09,1.7616596161255093e-10,1.8642931277780784e-11,1.9729060225178895e-12,2.087846656564352e-13,2.209483681216456e-14,2.338207225235152e-15,2.4744301461108017e-16,9.92218722532889
3.752323052437455,14.07992828985354,52.832439498683705,198.244380647418,743.8769595194923,2791.2666633820745,10473.734246508735,39300.83445827836,147469.42711782616,553352.9309039642,2076358.958764775,7791169.586108096,29234985.24340299,109699109.06648986,411626495.78204054,1544555589.1169994,8.73720739390419
0.8802106664184695,0.7747708172768462,0.681961537396835,0.600269819303832,0.5283638976803202,0.4650715384886547,0.4093609288253616,0.3603238559670552,0.31716090138723424,0.2791684083719399,0.24572701077604864,0.2162915359122042,0.19038211696595558,0.16757637004876277,0.14750250835660952,0.12983328117896714,10.581941676141088
2.292571031186365,5.255881933034914,12.049482663011638,27.62429489400282,63.33065823094029,145.19003244621803,332.85846240320785,763.1016683908302,1749.4647788028014,4010.7722719641647,9194.980323390566,21080.145521733848,48327.73095632,110794.75599342777,254004.84799789442,582324.1563008687,9.746059249841409
2.5656135386612258,6.582372829761777,16.88782484855262,43.327632069986066,111.16195943688857,285.19862811539133,731.7094615004561,1877.283700792085,4816.384478660223,12356.981225848458,31703.238330019394,81338.25747890127,208682.53459898182,535398.7360492874,1373626.2457901598,3524194.0932596265,8.776949010687929
2.420104451434129,5.856905555851286,14.17432320734498,34.303342690161664,83.01767234353063,200.91143838627846,486.2266663826662,1176.7193197186677,2847.7836637396877,6891.933921337811,16679.19996201951,40365.40607444337,97688.49892470663,236416.37110160064,572152.3120948867,1384668.3573991642,8.381023974988631
4.2219289726967375,17.82468425049613,75.25455086634085,317.7193686298848,1341.3886076054255,5663.247426094681,23909.82838777936,100945.5972025726,426185.14149571594,1799323.3966136216,7596615.579414152,32072371.40916802,135407274.07545695,571679893.5330595,2413591905.61541,10190013594.584028,8.66619538349682
0.8740694741105971,0.7639974455719758,0.6677868454729364,0.5836920968405042,0.5101874441278912,0.4459392709866955,0.389781904076604,0.3406964639140645,0.2977923790447064,0.2602912281457501,0.22751261690095725,0.19886183340814545,0.17381905814772686,0.15192993274558292,0.13279731641659004,0.11607408052354742,10.547392315245002
0.0731743755162495,0.005354489232193094,0.00039181140577421197,2.8670554937671795e-05,2.0979499532684575e-06,1.535161776947642e-07,1.1233450434455962e-08,8.220007204340567e-10,6.014938939166929e-11,4.401394006419123e-12,3.2206925782068273e-13,2.3567216814010416e-14,1.7245163730212674e-15,1.2619040866337882e-16,9.233904350083066e-18,6.756851843941081e-19,10.408476480499132
4.24382035905616,18.01001123993956,76.43125236688579,324.3605048627492,1376.5277142102698,5841.736338370582,24791.279605015265,105209.73711481754,446491.2243388092,1894828.5479889498,8041311.968876327,34125883.447039336,144824118.94332317,614607544.4540458,2608284009.9835935,11069088783.769014,10.154249705826741
3.7133728864971705,13.789138194172327,51.20421189840208,190.14033213798209,706.0619539907492,2621.871316136461,9735.985857225785,36153.34590554214,134250.85444179366,498523.48287323484,1851203.5845836068,6874209.198379137,25526502.053370535,94789420.6121005,351988464.42775,1307064420.1657805,8.49723072331981
2.283487676600861,5.214315969187999,11.906826257543871,27.18909102652898,62.08595429705799,141.7725115273362,323.73578295342577,739.2466708488789,1688.0606628516282,3854.665720976374,8802.081671265323,20099.445024768676,45896.83502057576,104804.85716446758,239320.5997829752,546485.6403611506,9.375752447954401
2.0844920352468894,4.345107045007719,9.057341027613738,18.879955232575714,39.35511630812191,82.03542649049508,171.0021931275187,356.4527095840631,743.022834070152,1548.825179625803,3228.5137509198194,6729.8111994774235,14028.237844026005,29241.750054421205,60954.1950851213,127058.53416982044,9.399191609585095
0.5836475547348163,0.3406444681479304,0.19881631086848162,0.11603865367978639,0.06772567647492753,0.039527925467352724,0.02307037704276049,0.013464969147817403,0.00785879631770337,0.004586767253986551,0.0026770554919269786,0.001562456891752592,0.000911924144249962,0.0005322422968951302,0.00031064191510928485,0.0001813053941516745,10.040649963411198
1.6933956649466986,2.8675888780602716,4.855962574956631,8.223065973574966,13.924904272222552,23.58037252937943,39.930900619079345,67.61881400576641,114.50540650620195,193.90295899056187,328.3544301749549,556.0339686243121,941.5855120315188,1594.4768242507914,2700.080142044269,4572.304007546431,10.287342846802057
0.4732952037182653,0.22400834986271423,0.10602207758286578,0.05017974080821618,0.02374983064835443,0.01124068093498721,0.005320160373056792,0.0025180063875797566,0.001191760346173454,0.0005640544558255153,0.0002669642685781325,0.00012635290788218492,5.980222527649392e-05,2.830410639504378e-05,1.3396197802305702e-05,6.3403561678924545e-06,10.387371997690087
3.5791543637565715,12.810345959597708,45.8502056425255,164.10496360458131,587.3569965994506,2102.241357461877,7524.2463282292165,26930.43907966096,96388.19854984902,344988.24145432696,1234766.16984596,4419418.725023156,15817781.814934133,56614282.80787084,202631257.36273956,725248549.0233302,8.275383550066145
0.3854270220801931,0.14855398934960565,0.057256721733151224,0.022068287751682746,0.00850571443053988,0.0032783321836275118,0.0012635578109252085,0.0004870093242910708,0.00018770655358679446,7.234717797389437e-05,2.7884557362383846e-05,1.074746190620793e-05,4.142362237430037e-06,1.5965783415501051e-06,6.153644357013904e-07,2.3717808194644535e-07,9.638726965864524
1.0297512918448626,1.0603877230561634,1.0919356276735166,1.1244221232082345,1.1578751339526228,1.1923234149827566,1.2277965768753718,1.2643251111601141,1.301940416529027,1.3406748258258039,1.3805616338380078,1.4216351259161426,1.4639306074441818,1.5074844341868807,1.5523340435399622,1.5985179867100352,10.203642543252082
2.8688811572560113,8.230479094458591,23.61226638928177,67.74078612431991,194.34026488977085,557.5391240384056,1599.513487386804,4588.814104740853,13164.762319241645,37768.138557426304,108352.30105203456,310849.87483351264,891791.348645254,2558443.3963322956,7339870.051643796,21057214.887868594,8.423079352625741
1.46915777601884,2.158424570836624,3.1710662421947533,4.658796627991264,6.8445072929037165,10.055661112387154,14.773352716273845,21.70438602098277,31.887167496441446,46.84728008261215,68.82604581870217,101.11632040717525,148.55582840861402,218.25195047943578,320.64655017814187,471.08037254783227,10.702119918654622
3.2786337135729915,10.749439027777425,35.24347319846835,115.55043941190449,378.8475662740434,1242.102403091157,4072.3988144846967,13351.904048284208,43776.00275309631,143525.47847176567,470567.4724742255,1542818.3797648265,5058336.353817019,16584432.104216358,54374278.21734602,178273341.7145882,8.849615498333987
4.017841738716098,16.143052237369197,64.86022906957625,260.59813553843065,1047.0420659979015,4206.849314957904,16902.45476612709,67911.38824610627,272857.2102293596,1096297.0879691541,4404748.198075381,17697581.15876179,71106080.25398871,285692977.1209724,1147869167.934706,4611956653.513379,8.203059699380717
1.7560675149820435,3.0837731171752094,5.4153137946463,9.509656638212508,16.699599100998334,29.325623494486514,51.497774775261966,90.43356937669924,158.80745344629645,278.8766101340644,489.7261557447426,859.9921933403793,1510.204353863197,2652.020806803607,4657.1275878842835,8178.230470210272,10.421838874839944
0.4672018847188353,0.21827760108483185,0.10197970661873952,0.047645111135348986,0.02225988572007341,0.010399860562044186,0.004858834455400129,0.002270056615099756,0.0010605747289930657,0.0004955025122707282,0.00023149970761580203,0.00010815709970996201,5.0531200830217244e-05,2.3608272264983472e-05,1.1029829297155685e-05,5.153157035758162e-06,9.922577995609547
4.066580418354022,16.53707629894037,67.24935065409731,273.47489251697533,1112.1076428210026,4522.475163397738,18391.008941965643,74788.5168371712,304133.5180877805,1236783.4092208869,5029479.193682787,20452781.603549395,83172881.16986534,338229209.9034603,1375436281.908764,5593322250.703841,8.842844496376813
3.9243335913847344,15.400394136470608,60.4362840303161,237.17213955863826,930.7425942105523,3652.544427393041,14333.802790443631,56250.623782822186,220746.21244727413,866281.7766777888,3399578.6758210952,13341080.794079958,52354851.5055857,205457902.4353296,806285348.1424114,3164132675.9566,9.210228594515094
1.967095562182577,3.8694649507583887,7.61160733265785,14.97275900514762,29.4528477926551,57.93656618657075,113.96676223370046,224.18351222622908,440.99039201471874,867.4702430973082,1706.396865522156,3356.645701490893,6602.842863221958,12988.422894032814,25549.46903460253,50258.24715408781,9.107967135532165
4.322395969009766,18.683106912911875,80.75578600894877,349.05848391929544,1508.7689838414228,6521.4969739231265,28188.492231994707,121841.82519603703,526648.614084143,2276383.846601879,9839432.362470908,42529922.78088849,183831166.79040903,794591094.313226,3434537343.0705466,14845430367.101643,9.258551114638767
1.9201538405786625,3.6869907714889876,7.0795894900526655,13.59390094904496,26.102381115754604,50.120587347664156,96.23923828767565,184.79414301244546,354.8331834217897,681.3342999121026,1308.266672694198,2512.073276074832,4823.567148870111,9261.990986192013,17784.447563541547,34148.875291704135,9.106133592464495
1.2865144360250191,1.6551193941007731,2.1293349938556276,2.7394202087285104,3.5243036448678997,4.534067516058145,5.833143313320904,7.504423079990154,9.65454862644667,12.420716181229162,15.979430672920865,20.55776824017368,26.44786561344009,34.02556091374037,43.77437530937563,56.31636576348891,9.20976337734311
4.14700959913618,17.197688615327625,71.31897977071867,295.7604937097694,1226.5216064596696,5086.396875536178,21093.33666786481,87474.26963944653,362756.6358722113,1504355.2511124085,6238575.666874077,25871433.175464194,107289081.72206025,444928851.78388995,1845124219.2804306,7651747848.9545965,9.382447329453274
3.6819135191928165,13.55648716281483,49.913813357531794,183.7783441955633,676.6559700285152,2491.3887638905194,9173.077971333583,33774.47979526294,124354.71376188323,457863.30177523085,1685813.0807484828,6207017.97283993,22853703.38807213,84145359.46816544,309815936.6031776,1140715485.4406242,8.435412870182539
2.538004540274797,6.441467046455482,16.3484726099345,41.49249771057192,105.30814757677314,267.27255667777854,678.3389623390549,1721.6273662618157,4369.498072233829,11089.805946051429,28145.977841844964,71434.61955307635,181301.38875851055,460143.7478272258,1167846.9211645601,2964000.788261596,8.544041168809526
3.2216330752070848,10.378919671268259,33.437070897875266,107.7219735426392,347.040672891549,1118.037710229537,3601.9072666042707,11604.023583921062,37383.90618344315,120437.2286410191,388004.5592761852,1250008.321495306,4027068.152813369,12973735.957216648,41796616.8687726,134653363.33619618,7.601064651054478
1.0659328268932406,1.1362127914486153,1.2111265127410826,1.2909795074514547,1.3760974358389726,1.466827429864376,1.563539508879881,1.6666280886596005,1.7765135899246065,1.8936441529225951,2.018497465054638,2.1515827090025303,2.293442639301684,2.444655795828339,2.605838863228246,2.777649185909153,10.057053035265517
4.478544743517791,20.057363019690833,89.8277977206645,402.29781130366143,1801.708748142725,8069.03324334462,36137.526417251356,161843.52897971636,724823.4859844779,3246154.4131340245,14538047.783588463,65109297.48220058,291594901.9930455,1305920815.5575392,5848624803.965684,26193327872.608284,10.15220805907676
4.829731257539075,23.326304020049978,112.65977964849476,544.1164592357998,2627.936270912628,12692.225950447395,61300.04040062438,296062.72121130367,1429903.3788263104,6906049.043978169,33354360.933799207,161092599.57721025,778033963.5362784,3757694953.1181808,18148656771.371708,87653134891.04213,10.483950538921508
1.5850078115289403,2.5122497626077607,3.9819354982450266,6.31139886972275,10.003616510185484,15.85581031218387,25.13158320293256,39.83375569273761,63.13681393552451,100.0723432828556,158.6154458213318,251.40672065595632,398.48161611056497,631.5964742859219,1001.0853454773237,1586.728092588706,9.802357013732161
4.327763091136416,18.729533373002624,81.0569832458885,350.7954203704191,1518.1594728187833,6570.234532924249,28434.418511699474,123057.42695285904,532563.390456799,2304808.184909406,9974663.794800043,43167981.81763033,186820798.42918843,808516156.0984777,3499066378.950481,15143130328.258238,8.852073125728662
1.5514185347005949,2.406899469812541,3.734108448628211,5.793165057783891,8.98762364522577,13.943565906116584,21.632306586568564,33.56076138672823,52.06678725403422,80.77737878822137,125.31952263657732,194.4230301782168,301.6314925911387,467.9566882552977,725.996679596377,1126.3247048569085,10.067936633603383
0.12631972715908546,0.015956673469545792,0.002015642639039642,0.0002546154282137066,3.216295142244913e-05,4.062815248314694e-06,5.132137136648841e-07,6.482901628444917e-08,8.189183649043527e-09,1.0344554442028223e-09,1.3067212946993106e-10,1.6506467741938383e-11,2.085092501521902e-12,2.633883158937016e-13,3.32711402005834e-14,4.2028013524093746e-15,9.28900392716621
0.24597578886864316,0.06050408870955132,0.01488254095011025,0.003660744750573255,0.0009004545778690008,0.00022149002513170853,5.4481183658307606e-05,1.3401052128849644e-05,3.296334369063601e-06,8.108184468052404e-07,1.9944170708216698e-07,4.9057831232844875e-08,1.2067038737683778e-08,2.968199372810243e-09,7.301051822464114e-10,1.7958819816014553e-10,10.791689236187976
0.9231341900713276,0.8521767328786459,0.7866734781035589,0.7262051840597231,0.6703848344125719,0.6188551611515506,0.5712863579610976,0.5273739693552164,0.4868369420654288,0.44941582621037146,0.4148711147339478,0.3829817104839117,0.3535435111196975,0.3263681027924554,0.30128155423642905,0.2781233035534767,10.530068920775575
0.34516670808627026,0.11914005637111251,0.041123181058829575,0.014194353032111867,0.004899418109508421,0.0016911160203972795,0.0005837169497524828,0.0002014796580002233,6.954407029828465e-05,2.4004297811779075e-05,8.285484455614243e-06,2.8598733944443312e-06,9.871330851038573e-07,3.407254774283425e-07,1.1760709140506377e-07,4.059405258788695e-08,10.759579526722934
1.2873771170227155,1.6573398414337186,2.133621386991825,2.7467753500035434,3.536135731196622,4.55234022302892,5.860578632029516,7.544774823387089,9.712970460717639,12.50425590944547,16.097692923216165,20.723801506206996,26.679347836811772,34.34638190220096,44.21674611341665,56.92362713561568,9.89824828238618
4.567908657853374,20.865789506491808,95.31302053965,435.38117172922364,1988.7814238082672,9084.571884391744,41497.494563604385,189556.7646963118,865877.9866109573,3955251.551684839,18067227.806929167,82529446.32268097,376986972.38521963,1722042055.0563755,7866130812.479633,35931767042.13291,10.098574776289748
2.2892475598720523,5.240654390380146,11.997155275310508,27.4644584394107,62.872944465628336,143.93173469991072,329.49537244992223,754.2964773701175,1726.771370239626,3953.007145777984,9049.411962629036,20716.34425372548,47424.84053231047,108567.20046591295,248537.19874873114,568963.1757729681,9.590538659535511
0.6510589473979744,0.42387775298695846,0.2759694036851078,0.17967234947727298,0.11697729072719434,0.07615911177031398,0.04958407114394531,0.03228215316668331,0.02101758466044102,0.013683686545874544,0.008908886559080904,0.005800210305643176,0.0037762788162789295,0.0024585801112078287,0.0016006805792965638,0.0010421374130772008,9.492405616551167
4.0494583270008935,16.398112742116876,66.40347419066464,268.89810150317584,1088.8916562467668,4409.421384590264,17855.768143084853,72306.18899201223,292800.8991074043,1185685.0390438267,4801382.154556404,19442996.94688192,78733605.88840394,318828455.9796039,1291082545.9514449,5228184966.548593,8.828402477766698
2.0173492024033304,4.069697804437353,8.21000161980428,16.562440219442212,33.412225566544585,67.40412659718888,135.9776610295321,274.314426022597,553.3879885444134,1116.3768173096555,2252.121881981202,4543.316282329865,9165.455478424217,18489.924299062328,37300.63403721135,75248.40432410683,9.721950376670103
0.12216322491582055,0.014923853521833357,0.001823146074398489,0.00022272140394113791,2.720836496322855e-05,3.323861608594621e-06,4.0605365327980577e-07,4.9604823773511526e-08,6.0598852435531305e-09,7.40295123972243e-10,9.043683973390637e-11,1.104805599308922e-11,1.3496661491663375e-12,1.6487956934187669e-13,2.014221991353531e-14,2.4606385416011336e-15,9.773167560472118
4.284155213138764,18.353985890264045,78.63132433365003,336.86879806001167,1443.1982173525885,6182.885166463662,26488.439718143632,113480.58710639692,486168.44884191797,2082821.0945696891,8923128.85033612,38228068.98167639,163774981.0160772,701637438.7017292,3005923690.7473426,12877843650.01254,8.93038520107807
1.3714740950769808,1.8809411934672233,2.5796621212034765,3.5379397732819027,4.8521927489986565,6.65465665957202,9.12668922023454,12.517017839370002,17.166765714312398,23.543774473435136,32.28967679065097,44.28445525678623,60.73498319927794,83.29645612274535,114.23893178406162,156.67573559110684,10.353872030998296
3.545529820359953,12.57078170706168,44.57008140762258,158.02455272659657,560.2807640411919,1986.4921566821045,7043.167179427557,24971.759264440905,88538.11713892515,313914.5345545818,1112993.3433076846,3946151.0885595186,13991196.360133663,49606203.917365536,175880275.26387623,623588760.7611902,8.350947109036673
1.7788617141183165,3.164348997955955,5.6289392825725075,10.013104580864857,17.811928378363227,31.684957446887896,56.36315771573692,100.26226334733678,178.35270163942556,317.26479255594126,564.3701927154538,1003.9365284110967,1785.8642537953554,3176.805547689034,5651.097761982693,10052.521451530714,9.313914404188633
3.9715453091326713,15.773172142493726,62.643867832663084,248.79295943674012,988.0925109962202,3924.254177036161,15585.353268652256,61897.93666529141,245830.46000802927,976326.8102868154,3877526.1635750653,15399770.845985753,61160887.66509279,242903236.50868952,964701209.5292298,3831354563.420427,8.955507338377847
4.223094305719252,17.834525514998372,75.31688314759434,318.070300345128,1343.2408742059222,5672.63288706838,23956.06364381424,101168.71596163991,427245.02829452994,1804296.0461374903,7619712.358274996,32178763.87144975,135893954.47060385,573892985.3064785,2423604198.340012,10235109089.326979,9.121474257539509
2.6907375856997917,7.2400687550975436,19.48112512239166,52.418595578539694,141.04468531277368,379.5142360342795,1021.1732192055782,2747.7091624265017,7393.364317912682,19893.603254979356,53528.46599317267,144031.05535268283,387549.7741454709,1042794.7436226838,2805887.0108357333,7549905.641282546,8.91365671700013
2.7954325820162924,7.814443320598276,21.844749468720007,61.065524410843004,170.7045565759818,477.19307935114307,1333.9610819308714,3728.9982715712626,10424.163266632746,29140.045635802566,81459.03301176416,227713.23498062626,636556.9964211748,1779452.1681061806,4974338.56886355,13905428.109381463,8.733074381470054
0.6125499071870993,0.375217388794924,0.22983937668131646,0.14078808885408117,0.08623973076061651,0.05282613907325608,0.032358646586375814,0.019821285963184655,0.012141526877077716,0.0074372911616636265,0.004555712010800489,0.0027906009693869933,0.001709382364794232,0.0010470820089019714,0.0006413899873701841,0.0003928833772343411,10.475100314483928
1.8882095928704008,3.5653354666078045,6.732100629849923,12.711616989451493,24.002197140376673,45.321178890425735,85.57588474109738,161.58520648651182,305.10673695377614,576.1054675655062,1087.8078703622764,2054.0092560179714,3878.399981057729,7323.232049221584,13827.797006156157,26109.778955288664,9.562334361784293
2.1437366456452134,4.595606805882191,9.851770718746202,21.119601914270717,45.27486456506094,97.05738629474507,208.0654757305885,446.03758501726736,956.1871163366084,2049.8133613846103,4394.260019533384,9420.136234367366,20194.29125258363,43291.242190996105,92805.02232034053,198949.52724803597,8.98755549116691
2.556043231427327,6.533357000925451,16.69954294071384,42.68475370154161,109.10407578396797,278.87473442874546,712.8158773526882,1821.9881985612703,4657.080602673003,11903.699352673826,30426.370159347785,77771.1175027033,198786.3384933241,508106.4750060825,1298742.1162836954,3319640.9956965423,8.563973414086309
4.458812849678472,19.881012028457853,88.64571189710013,395.2546392756858,1762.366464497457,7858.062237743679,35037.628879224685,156226.22986895253,696583.5211965082,3105935.555185267,13848785.363733305,61749142.13225321,275327868.3959129,1227635437.4782796,5473796663.348805,24406634899.066795,9.99350233671408
1.5010530579700654,2.2531602828412844,3.3821131326556073,5.076731260173417,7.620442982575531,11.438689242081526,17.170079465995766,25.77320028802197,38.68694110601035,58.071151250684665,87.1678791646824,130.84361157691168,196.40320327337074,294.8116288686095,442.52789703836225,664.2578530864959,9.043442422698712
1.9822093943922523,3.9291540832168996,7.788406135767216,15.438251809660036,30.601847770101312,60.65927013565642,120.23937511987555,238.33961893847135,472.4390317157075,936.4730869444546,1856.2857505368104,3679.5470533905386,7293.632736339056,14457.507329218146,28657.80684747105,56805.77395573573,9.873922748273197
3.966366165138071,15.732060555952089,62.3991126970316,247.49772933614352,981.6666195873798,3893.6492653768496,15443.638705105443,61255.12602654696,242960.2593129643,963669.3520121136,3822265.5122013767,15160504.60176968,60132112.49887928,238505976.4538309,946002035.1896924,3752190464.5281506,7.932817963019571
2.061380386767003,4.2492890989476795,8.759401206273578,18.05645784643558,37.22122805912747,76.72710949246701,158.16375864109582,326.03566996010505,672.0835354422003,1385.4198182295777,2855.877240736758,5887.049331069019,12135.448026995482,25015.77454747881,51567.027011958024,106299.25808633452,8.709974262610695
0.924337749954562,0.8544002759910623,0.7897544286701352,0.7299998316136034,0.6747664018209273,0.6237120576040918,0.5765205999452964,0.5328997541558894,0.49257935970779404,0.45530969702636115,0.42085994088184,0.38901673080072996,0.3595828496430263,0.3323760021612845,0.30722768597665434,0.2839821479794074,9.775109309515
4.201236580441953,17.650388804843594,74.15345910593203,311.5362249621481,1308.83738444377,5498.7354973751335,23101.48871774709,97054.81946366614,407750.2578389438,1713055.2989176088,7196950.586132582,30236092.07009336,127028976.05448708,533678780.976196,2242110816.8428636,9419637981.124826,8.8436471169636
2.8463569985064425,8.101748162946604,23.060467583739783,65.63832329580869,186.83010088325352,531.7851651807133,1513.6504266140278,4308.3894850851,12263.214563163543,34905.48659604668,99353.47605893029,282795.4619062785,804936.8421427979,2291137.6139888284,6521395.582118453,18562219.955191854,9.0036510325003
0.3002510277540982,0.09015067966739224,0.027067834222865,0.008127145044492768,0.0024401836523155794,0.0007326676495165017,0.000219984214769509,6.605048657422334e-05,1.983172647756882e-05,5.954496257028199e-06,1.7878436209306475e-06,5.368018846480352e-07,1.6117531756590943e-07,4.839305474775746e-08,1.4530064424174518e-08,4.362666776691658e-09,9.294208494378669
4.9445848709810045,24.44891954633424,120.88975770063604,597.7496669831244,2955.62395999869,14614.33351691849,72261.81240722578,357304.66437843605,1766723.2378165603,8735712.992918339,43194474.302016206,213578744.14372712,1056058227.056196,5221769532.3770895,25819482629.541313,127666623186.58682,11.405949438190458
1.1439116660098263,1.3085338996333764,1.4968471931599505,1.7122609664897313,1.9586752948208639,2.2405515196708223,2.5629930216474985,2.931837617364349,3.353763253349532,3.836408910541598,4.388512908352582,5.02007111229923,5.742517909558014,6.568933229013773,7.514279353908453,8.59567181459266,10.818672754442042
3.073508564900848,9.44645489851887,29.033760038547314,89.23551014975114,274.26610473855663,842.9592219759468,2590.8423886052274,7962.976271686337,24474.275773130175,75221.89620846091,231195.14226478722,710580.2499142935,2183974.4841609662,6712464.2825936405,20630816.46414258,63408991.103439644,8.400519314114312
1.8401334041772968,3.386090945169127,6.230859057787986,11.46561188895635,21.098255436200933,38.82360459801858,71.44061169138529,131.46025598817718,241.90440836554333,445.1363824511822,819.110326763061,1507.2722739832893,2773.5820605469253,5103.760998839295,9391.601100901473,17281.798904477077,9.610054271977619
4.013879681741232,16.111230099495092,64.66853914422111,259.5717353188766,1041.8897143507518,4182.019955047658,16786.124926202174,67377.48577645294,270445.1211649133,1085534.176869891,4357203.576373748,17489290.904416814,70199909.40930039,281773990.0380659,1131006893.456949,4539725589.556118,8.232617299215816
3.1378092635281445,9.845846974283036,30.894389843185863,96.94070264099842,304.1814347598521,954.4633237827459,2994.9238590633627,9397.49982853048,29487.562015967087,92526.34525256217,290330.02325389296,911000.2364464069,2858544.9809978656,8969568.921586987,28144796.452009797,88313003.0272304,8.725126893809072
4.106082380991301,16.859912519487196,69.22818974132103,284.256650164761,1167.1812229211334,4792.5422548603465,19678.57331283839,80801.84316289134,331779.02456277056,1362312.0071396725,5593765.329929105,22968461.26462189,94310394.11714514,387246247.62875533,1590064994.4934268,6528937858.520491,8.864503398760824
1.4412656939610817,2.0772468005891187,2.993864551579513,4.314954270557729,6.218995561165719,8.963224953204397,12.918388632309421,18.618830357004388,26.834681455231586,38.675905789798925,55.74225619770797,80.33940156174599,115.79042334430784,166.88476485538126,240.52528643082303,346.6608438629081,10.799115375915342
1.3739756579638436,1.8878091086771769,2.5938037622048613,3.563823230804517,4.896606368411467,6.727817956828092,9.24385810389384,12.700836020421947,17.45063952785013,23.97675392716774,32.94347625291746,45.26353446021853,62.19099454174786,85.44891264492382,117.4047259736042,161.31123561764758,9.791234294620526
3.0052594556625496,9.031584395849164,27.142254405240035,81.56951669934611,245.13756135453414,736.7019741987722,2213.980573966128,6653.586054564905,19995.752404545656,60092.42398684799,180593.32540015795,542729.7987883684,1631043.859678577,4901709.981899384,14730910.27201863,44270207.385500565,8.785285114126047
4.692570986046689,22.020222459087194,103.33145701780623,484.890197147688,2275.3816705536997,10677.390009422736,50104.410564921905,235118.5032899237,1103310.266821019,5177361.746691744,24295137.516793683,114006657.41332044,534984332.7939121,2510451958.058258,11780474020.24828,55280710589.29387,9.935313102171133
3.5364815467071864,12.506701730200453,44.22971987902474,156.41758816819902,553.1679141372801,1956.2681205769966,6918.306108832097,24466.461888356313,86525.19098138677,305994.7412309894,1082144.7557528347,3826984.9595858552,13534061.689101325,47862959.41550353,169266472.7437232,598607757.3343921,7.944336123931112
1.3170158247837875,1.7345306827309201,2.284404357729649,3.008596689334992,3.962369450246297,5.218503269614209,6.87285138776785,9.051654039077473,11.92117160993312,15.70037166024514,20.67763793152976,27.232776374974197,35.865997438639084,47.23608619834246,62.21067302406808,81.93244084314755,11.116480413830466
0.6116796055750251,0.37415193987641826,0.22886111100873802,0.13998967411328692,0.08562882864619165,0.05237740813215391,0.032038192347318015,0.01959710885834427,0.011987151816882853,0.007332296295318849,0.004485016105879851,0.0027433928826422226,0.001678077476391926,0.0010264457688837468,0.0006278559430549636,0.00038404667560579557,10.390189054344745
2.2936211459493183,5.260697961145864,12.066048086136618,27.674943038404248,63.47583456582686,145.58951641696115,333.9271934824775,765.9024721789198,1756.6901059244299,4029.1815738282203,9241.41605860176,21196.307290524604,48616.29861758694,111507.370547084,255755.66301599809,586606.5968897812,9.551505458491857
4.8740624969833455,23.756485224499524,115.79059369287211,564.3705902218643,2750.777528200744,13407.461587747794,65348.8057045863,318514.1631073754,1552457.9371596947,7566777.009654195,36880944.0457913,179760026.2269326,876161602.2894347,4270466407.015771,20814520159.062782,101451272099.99173,9.858005368004736
3.4028718722222235,11.579536978761181,39.40368067838353,134.08567664249762,456.27637751463953,1552.6500510040155,5283.469185965965,17978.968680676433,61180.12681503814,208188.1326778819,708437.5408200326,2410722.1808827724,8203378.701068202,27915046.639051866,94991327.01980111,323243314.8207441,7.994999879344168
0.9662686614323052,0.9336751260661788,0.9021810142766054,0.8717492410346949,0.8423439722392225,0.8139305825211643,0.7864756144715419,0.7599467392445665,0.7343127184896923,0.709543367567752,0.6856095200078619,0.662482993163242,0.6401365550255128,0.6185438921583895,0.5976795787130151,0.5775190464884492,10.316670536234179
0.23369613580697499,0.054613883891112096,0.012763053626763696,0.0029826763136718733,0.0006970399288681096,0.0001628955378796459,3.806805774267197e-05,8.896357992139233e-06,2.0790444855184373e-06,4.858646624364591e-07,1.1354469413656081e-07,2.653495626109915e-08,6.2011167420259685e-09,1.449177020299407e-09,3.3866706974423757e-10,7.914518552429962e-11,9.821444221438911
4.763219683853119,22.68826175664581,108.06917499166728,514.7572215380768,2451.901730035708,11678.946583379602,55629.388252622855,264974.99712560064,1262134.1220375847,6011822.093752098,28635629.332783066,136397793.29743406,649692653.868467,3094628837.3610535,14740396992.337664,70211749101.71208,10.422017914563105
4.2932450773421325,18.431953294122454,79.13289274579132,339.73690223671156,1458.5737831192273,6262.014714316913,26884.36384648509,115421.1627413969,495531.33876060735,2127437.480802734,9133610.491809485,39212828.28232153,168350281.99173924,722769019.4301944,3103024534.724082,13322044808.576027,9.345553160311034
4.1395158787428565,17.135591710364245,70.93305397670726,293.6285032643038,1215.4798517140841,5031.498146462464,20827.96647114662,86217.69792923526,356899.52960672445,1477391.269922892,6115684.620961886,25315973.597855214,104795874.69415659,433804187.3232079,1795739321.6895597,7433491436.216859,8.486918833068238
4.819502614191414,23.227605448197874,111.94550517899638,539.5216548571516,2600.22602599692,12531.796129780707,60397.02420799196,291083.6160597994,1402878.248548493,6761175.386271735,32585502.44914327,157045914.23838672,756883194.2199854,3647800533.180767,17580584205.713543,84729671538.4487,10.354091916867167
2.9946822453633737,8.968121750694618,26.856674981062266,80.42720773528188,240.85393104900044,721.2809910384158,2160.0073777808425,6468.535744094186,19371.20914633722,58010.61610175667,173723.36208252134,520246.2680333594,1557972.2620960562,4665631.872067672,13972084.930682538,41841954.67262414,8.520800600795635
4.654579179238757,21.665107335802944,100.84195752120124,469.37687587186247,2184.751833649306,10169.100396707756,47332.882978104506,220314.6516032298,1025471.9902336341,4773140.574634003,22216960.73827115,103410602.87832183,481332839.0699643,2240401811.018935,10428127622.69754,48538545711.05253,9.783497132014974
0.7338440713936341,0.5385271211195851,0.395194935118289,0.29001146018134827,0.2128231906902934,0.15617903674314867,0.1146110601899282,0.08410664703651775,0.06172116429254552,0.04529371049559699,0.03323852091861347,0.024391891518017784,0.01789984498057402,0.013135695117859343,0.009639551985875383,0.007073928075725381,9.698072156002237
0.569801543773461,0.32467379928661944,0.1849996320563106,0.10541307594320805,0.060064533406349034,0.0342248638609703,0.019501380263417415,0.011111916579808548,0.006331587221456827,0.003607748173322419,0.0020557004787049985,0.001171341306301951,0.0006674320846164742,0.0003803038321784063,0.00021669771067821914,0.0001234746900766241,9.822134491942464
1.8601445108691723,3.4601376013167124,6.436355965941307,11.972552220045772,22.270677293212668,41.42667812030826,77.05960790903545,143.34200666172296,266.6368468687763,495.98306709841825,922.600179747179,1716.1696600836267,3192.3235729247717,5938.183171094278,11045.878830246716,20546.930873809422,9.839850111542493
3.832800632854534,14.690360691210115,56.3052237541315,215.80669723785132,827.1440457474833,3170.278222002814,12151.044375617332,46572.530572709635,178503.2246527186,684167.2724155149,2622276.7546925456,10050664.004905323,38522191.3586094,147647879.41822156,565904885.6737895,2169000603.945973,9.0304508518587
1.6057101573247974,2.5783051093360254,4.140010702743278,6.647657236828254,10.674210747588823,17.13968861882889,27.521372108637777,44.19134673835506,70.95849432363877,113.93877508394075,182.9526484654292,293.76892595041267,471.70774830497385,757.4259227421055,1216.206497568106,1952.8751265495243,9.486876036807402
3.1901754067231334,10.177219125661109,32.46711416351638,103.57578913172226,330.4249352199616,1054.113502106806,3362.8069703159263,10727.944094258997,34224.02341420573,109180.63781511581,348305.3856481282,1111155.2753238752,3544780.232388899,11308470.71960538,36076005.17733374,115088784.48954654,9.015385135898027
0.04610550834939442,0.0021257179001560786,9.800730439410325e-05,4.518676591043968e-06,2.0833588129659077e-07,9.60543171459841e-09,4.4286331211695497e-10,2.0418438134448734e-11,9.414024698894195e-13,4.340383943562716e-14,2.001156081495083e-15,9.226431842381297e-17,4.253893303440294e-18,1.961279132191995e-19,9.042577140477107e-21,4.1691261585031034e-22,10.114351945973146
2.71732519237458,7.383856201113549,20.06433847215711,54.52133239872301,148.15219004887842,402.5776783252839,1093.9344672009638,2972.5756865320427,8077.454799253683,21949.07141627899,59642.764708683695,162068.78708577572,440393.59804577037,1196692.6185302564,3251802.999860969,8836206.212161444,8.126885914340178
1.6887732344259176,2.8519550373133753,4.816305332800997,8.133647534857136,13.735886255121077,23.196797058767327,39.17412999725611,66.15622222128756,111.72285737804357,188.67457121362415,318.6285658823552,538.0913937856366,908.7143435001196,1534.6124610419215,2591.6124494240835,4376.645738592384,10.062307772129152
4.490121544247577,20.161191482116244,90.52620023155089,406.47364197855666,1825.1160570166935,8194.992928362844,36796.514302598545,165220.82162331184,741861.5707291184,3331048.621580162,14956813.18069328,67157909.09591703,301547174.4981974,1353983464.8213396,6079550325.949278,27297919897.882233,9.947982089296355
4.703535192416116,22.123243306296914,104.05745346155182,489.4378943896112,2302.0883607635787,10827.953620903021,50929.66091776687,239549.45246453618,1126729.2799909576,5299610.820763141,24926906.001568694,117244579.61642686,551464006.345897,2593830361.198711,12200172387.055544,57383940176.05909,10.111375566204684
1.920609245767847,3.688739874928938,7.08462790902105,13.606801864890757,26.13334946704037,50.19195260927997,96.39912824452473,185.1450569903946,355.5913082639668,682.9519543664593,1311.6838379714425,2519.232106732207,4838.460476425088,9292.791926304326,17847.82209265689,34278.692127976465,10.830446077692411
1.9805889617029848,3.9227326352197074,7.769320957028214,15.38783132741775,30.476968871630984,60.3623481333178,119.553000415322,236.78535296105912,468.97445636761887,928.845631602364,1839.6614050776793,3643.613072167855,7216.499831452355,14292.919908305983,28308.39940089567,56067.30337689335,9.759781560619937
4.48639972409674,20.12778248437531,90.30127778458059,405.1276277383255,1817.5644773091904,8154.320769527988,36583.542450606685,164128.3947568832,736345.5849537217,3303540.62917623,14821003.767278612,66492947.21235551,298313940.02789086,1338355578.235341,6004398096.938368,26938129965.471287,9.943646935060011
0.2941118405092352,0.08650177472772981,0.025441196172487864,0.007482557031046916,0.002200708620116527,0.0006472544626870112,0.00019036520129869298,5.598865972286965e-05,1.646692775873848e-05,4.8431184306551906e-06,1.424418475444197e-06,4.189383394682517e-07,1.232147260808903e-07,3.623890986549191e-08,1.0658292478588108e-08,3.134730017563287e-09,10.146252685701596
2.0268964421478453,4.108309187191593,8.327117274761946,16.87820437756285,34.21037240272633,69.34088210763883,140.54678723936632,284.8737830107818,577.4096572457509,1170.3495799332193,2372.1773996358675,4808.157931465467,9745.638204572298,19753.399403307707,40038.09497088976,81153.072246874,10.043663553398462
0.6508777031545621,0.4236417844637582,0.275738991632071,0.17947236154363738,0.11681455846124784,0.07603199150627131,0.04948752799786904,0.03221032855805008,0.020964984669717433,0.013645641068496289,0.008881643516734428,0.005780863732409712,0.003762635308400342,0.002449015427339872,0.0015940095363370641,0.0010375052658175368,9.06111762603168
0.4348470446230879,0.18909195221743377,0.08222607658376123,0.03575576639340026,0.015548289344403627,0.006761127670358566,0.0029400563857748057,0.0012784748303794114,0.0005559410016154906,0.0002417493015372954,0.00010512396931318862,4.5712847374888254e-05,1.987809658227644e-05,8.643931551535214e-06,3.7587880891093505e-06,1.6344978919136649e-06,9.768427633514255
3.919821434794939,15.365000080677854,60.228056661867015,236.08322747923043,925.404095468657,3627.418809265064,14218.834001535532,55735.29029701007,218472.38558073845,856372.7399101633,3356828.2220739294,13158167.217809973,51577665.90298762,202175240.36322293,792490840.7605802,3106422584.491985,8.42209469567618
1.5228667767331006,2.319123219677463,3.5317157023971086,5.378332508047163,8.190483890728636,12.473015802558303,18.99474137138299,28.926460567116887,44.05114576614243,67.0840263642853,102.16003499965748,155.57612321086913,236.92170929076798,360.8001997657285,549.4506372618938,836.7401209409683,10.28844463888229
2.9202793627763453,8.528031556657417,24.904234560012085,72.72732223134473,212.3840982221813,620.2208990201003,1811.2182917709906,5289.263398941849,15446.126748218148,45107.00517764915,131725.05633693456,384673.96358130145,1123355.437243854,3280511.7004458243,9580010.618158277,27976307.303385876,8.669638719776271
4.392330892133315,19.292570665988645,84.73935412488693,372.20328290216554,1634.8399776446174,7180.758137502991,31540.265796292075,138535.28380314945,608492.8066990294,2672701.752505053,11739390.472986793,51563287.42931542,226483020.27573153,994788366.5007516,4369439673.31609,19192024858.41916,9.851652231779324
4.403960303067703,19.394866350996175,85.41422149309071,376.16084077300366,1656.5974103328792,7295.589233270759,32129.485370812563,141496.97813105304,623147.0746931965,2744314.979921602,12085854.230688777,53225622.26061623,234403527.5418305,1032303830.1932585,4546225088.875854,20021394820.2197,9.51003239341049
3.004771036228382,9.028648980156984,27.129022951848622,81.51650240688974,244.93842540686347,735.9838863219294,2211.4630647509352,6644.940164652461,19966.52374421837,59994.83224079363,180270.7342405174,541672.2809255307,1627601.180852798,4890568.8867576,14695039.741608918,44155229.79181148,8.615319786537306
3.2261387284201657,10.407971095012483,33.57755863389741,108.32586231461535,349.4742597026911,1127.4524438128185,3637.3179934364944,11734.492446205,37857.10053905584,122132.25819474399,394015.60815147473,1271149.0130594969,4100903.060624314,13230082.18537689,42682080.51842608,137698312.97004226,8.32016007500087
0.28314101419053106,0.08016883391684251,0.022699084941687035,0.006427041931586279,0.0018197591707544089,0.0005152484571899231,0.00014588797072886126,4.130686799036829e-05,1.1695668495827261e-05,3.3115234395447735e-06,9.376281051884229e-07,2.6548097263659603e-07,7.516855184061442e-08,2.1283300003385077e-08,6.026175148279784e-09,1.7062573431737119e-09,10.217885672682264
1.487420484879609,2.2124196988394913,3.2907983812050348,4.894800923813025,7.280627163487129,10.829353985741678,16.107802956404814,23.95907608376085,35.63722056577501,53.00753189370664,78.84448879160847,117.27490774849917,174.43710014748407,259.4613160823637,385.9280765747309,574.0373267874411,10.47669189363019
